method,config,n_robots,map_size,seed,episode,success,steps,total_distance,max_distance,inference_ms_per_step
ppo,N2_M20,2,20,0,0,0,256,3,3,0.798
astar,N2_M20,2,20,0,0,1,6,10,6,
ppo,N2_M20,2,20,0,1,1,1,2,1,0.983
astar,N2_M20,2,20,0,1,1,2,4,2,
ppo,N2_M20,2,20,0,2,1,7,13,7,0.387
astar,N2_M20,2,20,0,2,1,2,4,2,
ppo,N2_M20,2,20,0,3,0,256,2,2,0.342
astar,N2_M20,2,20,0,3,1,6,12,6,
ppo,N2_M20,2,20,0,4,1,2,4,2,0.57
astar,N2_M20,2,20,0,4,1,1,2,1,
ppo,N2_M20,2,20,0,5,0,256,3,3,0.344
astar,N2_M20,2,20,0,5,1,4,8,4,
ppo,N2_M20,2,20,0,6,0,256,13,10,0.341
astar,N2_M20,2,20,0,6,1,1,2,1,
ppo,N2_M20,2,20,0,7,0,256,1,1,0.336
astar,N2_M20,2,20,0,7,1,7,12,7,
ppo,N2_M20,2,20,0,8,0,256,0,0,0.343
astar,N2_M20,2,20,0,8,1,7,12,7,
ppo,N2_M20,2,20,0,9,0,256,0,0,0.338
astar,N2_M20,2,20,0,9,1,2,4,2,
ppo,N2_M20,2,20,0,10,1,1,2,1,1.74
astar,N2_M20,2,20,0,10,1,7,14,7,
ppo,N2_M20,2,20,0,11,0,256,2,1,0.348
astar,N2_M20,2,20,0,11,1,10,19,10,
ppo,N2_M20,2,20,0,12,1,5,5,5,0.442
astar,N2_M20,2,20,0,12,1,1,2,1,
ppo,N2_M20,2,20,0,13,1,4,8,4,0.505
astar,N2_M20,2,20,0,13,1,1,2,1,
ppo,N2_M20,2,20,0,14,0,256,3,2,0.324
astar,N2_M20,2,20,0,14,1,12,22,12,
ppo,N2_M20,2,20,0,15,0,256,10,7,0.319
astar,N2_M20,2,20,0,15,1,11,18,10,
ppo,N2_M20,2,20,0,16,1,1,2,1,0.907
astar,N2_M20,2,20,0,16,1,1,2,1,
ppo,N2_M20,2,20,0,17,0,256,14,10,0.32
astar,N2_M20,2,20,0,17,1,15,22,11,
ppo,N2_M20,2,20,0,18,0,256,0,0,0.329
astar,N2_M20,2,20,0,18,1,11,18,10,
ppo,N2_M20,2,20,0,19,1,5,6,5,0.426
astar,N2_M20,2,20,0,19,1,8,13,7,
ppo,N2_M20,2,20,1,0,0,256,0,0,0.339
astar,N2_M20,2,20,1,0,1,1,2,1,
ppo,N2_M20,2,20,1,1,1,1,1,1,0.811
astar,N2_M20,2,20,1,1,1,15,22,12,
ppo,N2_M20,2,20,1,2,0,256,4,3,0.336
astar,N2_M20,2,20,1,2,1,1,2,1,
ppo,N2_M20,2,20,1,3,0,256,13,9,0.333
astar,N2_M20,2,20,1,3,1,12,21,11,
ppo,N2_M20,2,20,1,4,1,1,2,1,1.26
astar,N2_M20,2,20,1,4,1,1,2,1,
ppo,N2_M20,2,20,1,5,0,256,7,4,0.334
astar,N2_M20,2,20,1,5,1,4,8,4,
ppo,N2_M20,2,20,1,6,1,1,2,1,0.809
astar,N2_M20,2,20,1,6,1,6,10,6,
ppo,N2_M20,2,20,1,7,1,3,6,3,0.693
astar,N2_M20,2,20,1,7,1,2,4,2,
ppo,N2_M20,2,20,1,8,0,256,12,6,0.346
astar,N2_M20,2,20,1,8,1,5,9,5,
ppo,N2_M20,2,20,1,9,1,4,7,4,0.45
astar,N2_M20,2,20,1,9,1,4,8,4,
ppo,N2_M20,2,20,1,10,1,4,8,4,0.439
astar,N2_M20,2,20,1,10,1,6,9,6,
ppo,N2_M20,2,20,1,11,1,1,2,1,1.689
astar,N2_M20,2,20,1,11,1,3,6,3,
ppo,N2_M20,2,20,1,12,1,8,11,8,0.365
astar,N2_M20,2,20,1,12,1,10,15,8,
ppo,N2_M20,2,20,1,13,1,1,2,1,1.052
astar,N2_M20,2,20,1,13,1,12,18,9,
ppo,N2_M20,2,20,1,14,0,256,6,6,0.346
astar,N2_M20,2,20,1,14,1,10,18,10,
ppo,N2_M20,2,20,1,15,0,256,14,9,0.335
astar,N2_M20,2,20,1,15,1,1,2,1,
ppo,N2_M20,2,20,1,16,0,256,5,3,0.326
astar,N2_M20,2,20,1,16,1,1,2,1,
ppo,N2_M20,2,20,1,17,0,256,0,0,0.319
astar,N2_M20,2,20,1,17,1,1,1,1,
ppo,N2_M20,2,20,1,18,0,256,5,3,0.319
astar,N2_M20,2,20,1,18,1,1,1,1,
ppo,N2_M20,2,20,1,19,1,1,2,1,0.803
astar,N2_M20,2,20,1,19,1,5,10,5,
ppo,N2_M20,2,20,2,0,0,256,9,9,0.335
astar,N2_M20,2,20,2,0,1,5,9,5,
ppo,N2_M20,2,20,2,1,0,256,3,3,0.339
astar,N2_M20,2,20,2,1,1,6,10,6,
ppo,N2_M20,2,20,2,2,1,2,3,2,0.601
astar,N2_M20,2,20,2,2,1,5,10,5,
ppo,N2_M20,2,20,2,3,1,1,2,1,1.322
astar,N2_M20,2,20,2,3,1,1,2,1,
ppo,N2_M20,2,20,2,4,1,1,2,1,0.861
astar,N2_M20,2,20,2,4,1,3,6,3,
ppo,N2_M20,2,20,2,5,1,1,2,1,0.866
astar,N2_M20,2,20,2,5,1,1,2,1,
ppo,N2_M20,2,20,2,6,1,1,2,1,1.542
astar,N2_M20,2,20,2,6,1,13,23,12,
ppo,N2_M20,2,20,2,7,0,256,2,2,0.338
astar,N2_M20,2,20,2,7,1,1,1,1,
ppo,N2_M20,2,20,2,8,1,7,14,7,0.524
astar,N2_M20,2,20,2,8,0,256,256,256,
ppo,N2_M20,2,20,2,9,0,256,6,3,0.338
astar,N2_M20,2,20,2,9,1,1,2,1,
ppo,N2_M20,2,20,2,10,0,256,11,10,0.336
astar,N2_M20,2,20,2,10,1,2,4,2,
ppo,N2_M20,2,20,2,11,1,8,12,8,0.497
astar,N2_M20,2,20,2,11,1,2,4,2,
ppo,N2_M20,2,20,2,12,0,256,2,1,0.336
astar,N2_M20,2,20,2,12,1,5,7,5,
ppo,N2_M20,2,20,2,13,0,256,9,9,0.343
astar,N2_M20,2,20,2,13,1,2,4,2,
ppo,N2_M20,2,20,2,14,0,256,8,5,0.342
astar,N2_M20,2,20,2,14,1,1,2,1,
ppo,N2_M20,2,20,2,15,0,256,2,1,0.332
astar,N2_M20,2,20,2,15,1,3,5,3,
ppo,N2_M20,2,20,2,16,0,256,2,2,0.319
astar,N2_M20,2,20,2,16,1,10,17,9,
ppo,N2_M20,2,20,2,17,1,5,8,5,0.408
astar,N2_M20,2,20,2,17,1,2,4,2,
ppo,N2_M20,2,20,2,18,0,256,0,0,0.317
astar,N2_M20,2,20,2,18,1,3,6,3,
ppo,N2_M20,2,20,2,19,1,5,10,5,0.619
astar,N2_M20,2,20,2,19,1,6,10,6,
ppo,N3_M20,3,20,0,0,0,256,14,7,0.408
astar,N3_M20,3,20,0,0,1,17,38,14,
ppo,N3_M20,3,20,0,1,0,256,5,4,0.406
astar,N3_M20,3,20,0,1,1,4,12,4,
ppo,N3_M20,3,20,0,2,0,256,5,4,0.411
astar,N3_M20,3,20,0,2,1,17,44,17,
ppo,N3_M20,3,20,0,3,0,256,14,8,0.422
astar,N3_M20,3,20,0,3,1,12,29,12,
ppo,N3_M20,3,20,0,4,0,256,2,2,0.422
astar,N3_M20,3,20,0,4,1,3,9,3,
ppo,N3_M20,3,20,0,5,0,256,0,0,0.408
astar,N3_M20,3,20,0,5,1,8,21,8,
ppo,N3_M20,3,20,0,6,0,256,6,6,0.403
astar,N3_M20,3,20,0,6,1,8,24,8,
ppo,N3_M20,3,20,0,7,0,256,7,4,0.386
astar,N3_M20,3,20,0,7,1,6,17,6,
ppo,N3_M20,3,20,0,8,0,256,12,5,0.382
astar,N3_M20,3,20,0,8,1,2,6,2,
ppo,N3_M20,3,20,0,9,0,256,19,13,0.389
astar,N3_M20,3,20,0,9,1,1,3,1,
ppo,N3_M20,3,20,0,10,0,256,17,11,0.405
astar,N3_M20,3,20,0,10,1,3,8,3,
ppo,N3_M20,3,20,0,11,0,256,14,6,0.41
astar,N3_M20,3,20,0,11,1,5,15,5,
ppo,N3_M20,3,20,0,12,0,256,6,4,0.404
astar,N3_M20,3,20,0,12,1,22,60,21,
ppo,N3_M20,3,20,0,13,0,256,4,2,0.408
astar,N3_M20,3,20,0,13,1,22,41,21,
ppo,N3_M20,3,20,0,14,0,256,12,7,0.412
astar,N3_M20,3,20,0,14,1,16,39,14,
ppo,N3_M20,3,20,0,15,0,256,4,4,0.41
astar,N3_M20,3,20,0,15,1,13,35,13,
ppo,N3_M20,3,20,0,16,0,256,15,8,0.4
astar,N3_M20,3,20,0,16,1,21,56,21,
ppo,N3_M20,3,20,0,17,0,256,1,1,0.386
astar,N3_M20,3,20,0,17,1,11,28,11,
ppo,N3_M20,3,20,0,18,0,256,4,4,0.38
astar,N3_M20,3,20,0,18,1,17,36,13,
ppo,N3_M20,3,20,0,19,0,256,4,2,0.407
astar,N3_M20,3,20,0,19,1,17,47,17,
ppo,N3_M20,3,20,1,0,1,1,3,1,1.073
astar,N3_M20,3,20,1,0,1,8,19,8,
ppo,N3_M20,3,20,1,1,0,256,29,12,0.406
astar,N3_M20,3,20,1,1,1,4,10,4,
ppo,N3_M20,3,20,1,2,0,256,12,5,0.413
astar,N3_M20,3,20,1,2,1,4,12,4,
ppo,N3_M20,3,20,1,3,0,256,8,4,0.41
astar,N3_M20,3,20,1,3,1,6,18,6,
ppo,N3_M20,3,20,1,4,0,256,4,2,0.405
astar,N3_M20,3,20,1,4,1,11,28,11,
ppo,N3_M20,3,20,1,5,0,256,6,3,0.409
astar,N3_M20,3,20,1,5,1,9,24,9,
ppo,N3_M20,3,20,1,6,1,6,12,6,0.659
astar,N3_M20,3,20,1,6,1,14,37,14,
ppo,N3_M20,3,20,1,7,1,8,21,8,0.473
astar,N3_M20,3,20,1,7,1,2,6,2,
ppo,N3_M20,3,20,1,8,1,12,23,12,0.442
astar,N3_M20,3,20,1,8,1,19,44,16,
ppo,N3_M20,3,20,1,9,0,256,267,256,0.406
astar,N3_M20,3,20,1,9,1,7,16,7,
ppo,N3_M20,3,20,1,10,0,256,8,4,0.386
astar,N3_M20,3,20,1,10,1,3,9,3,
ppo,N3_M20,3,20,1,11,0,256,7,6,0.392
astar,N3_M20,3,20,1,11,1,12,34,12,
ppo,N3_M20,3,20,1,12,1,6,11,6,0.599
astar,N3_M20,3,20,1,12,1,11,28,11,
ppo,N3_M20,3,20,1,13,1,8,10,8,0.421
astar,N3_M20,3,20,1,13,1,6,17,6,
ppo,N3_M20,3,20,1,14,0,256,9,4,0.401
astar,N3_M20,3,20,1,14,1,5,12,5,
ppo,N3_M20,3,20,1,15,0,256,24,16,0.404
astar,N3_M20,3,20,1,15,1,13,32,12,
ppo,N3_M20,3,20,1,16,0,256,8,8,0.406
astar,N3_M20,3,20,1,16,1,13,36,13,
ppo,N3_M20,3,20,1,17,1,2,6,2,0.782
astar,N3_M20,3,20,1,17,1,5,13,5,
ppo,N3_M20,3,20,1,18,0,256,10,5,0.409
astar,N3_M20,3,20,1,18,1,2,6,2,
ppo,N3_M20,3,20,1,19,0,256,23,15,0.414
astar,N3_M20,3,20,1,19,1,12,29,12,
ppo,N3_M20,3,20,2,0,0,256,11,4,0.411
astar,N3_M20,3,20,2,0,1,15,36,15,
ppo,N3_M20,3,20,2,1,0,256,261,256,0.415
astar,N3_M20,3,20,2,1,1,13,36,13,
ppo,N3_M20,3,20,2,2,0,256,0,0,0.395
astar,N3_M20,3,20,2,2,1,8,22,8,
ppo,N3_M20,3,20,2,3,0,256,9,7,0.389
astar,N3_M20,3,20,2,3,1,10,29,10,
ppo,N3_M20,3,20,2,4,0,256,8,6,0.398
astar,N3_M20,3,20,2,4,1,10,25,10,
ppo,N3_M20,3,20,2,5,0,256,8,4,0.407
astar,N3_M20,3,20,2,5,1,1,3,1,
ppo,N3_M20,3,20,2,6,0,256,7,3,0.407
astar,N3_M20,3,20,2,6,1,14,35,14,
ppo,N3_M20,3,20,2,7,0,256,6,4,0.406
astar,N3_M20,3,20,2,7,1,11,29,11,
ppo,N3_M20,3,20,2,8,0,256,13,5,0.407
astar,N3_M20,3,20,2,8,1,2,6,2,
ppo,N3_M20,3,20,2,9,0,256,10,5,0.405
astar,N3_M20,3,20,2,9,1,14,36,12,
ppo,N3_M20,3,20,2,10,0,256,7,3,0.407
astar,N3_M20,3,20,2,10,1,4,10,4,
ppo,N3_M20,3,20,2,11,1,8,19,8,0.425
astar,N3_M20,3,20,2,11,1,14,33,12,
ppo,N3_M20,3,20,2,12,0,256,10,4,0.401
astar,N3_M20,3,20,2,12,1,10,29,10,
ppo,N3_M20,3,20,2,13,0,256,3,1,0.399
astar,N3_M20,3,20,2,13,1,10,26,10,
ppo,N3_M20,3,20,2,14,1,4,10,4,0.681
astar,N3_M20,3,20,2,14,1,10,23,9,
ppo,N3_M20,3,20,2,15,1,6,12,6,0.46
astar,N3_M20,3,20,2,15,1,11,33,11,
ppo,N3_M20,3,20,2,16,0,256,14,7,0.4
astar,N3_M20,3,20,2,16,1,13,34,13,
ppo,N3_M20,3,20,2,17,1,1,1,1,0.958
astar,N3_M20,3,20,2,17,0,256,54,20,
ppo,N3_M20,3,20,2,18,0,256,10,7,0.422
astar,N3_M20,3,20,2,18,1,4,11,4,
ppo,N3_M20,3,20,2,19,0,256,258,256,0.417
astar,N3_M20,3,20,2,19,1,20,50,18,
ppo,N4_M20,4,20,0,0,0,256,2,1,0.479
astar,N4_M20,4,20,0,0,1,14,51,14,
ppo,N4_M20,4,20,0,1,0,256,261,256,0.454
astar,N4_M20,4,20,0,1,1,28,93,26,
ppo,N4_M20,4,20,0,2,0,256,0,0,0.449
astar,N4_M20,4,20,0,2,1,10,35,10,
ppo,N4_M20,4,20,0,3,0,256,10,6,0.47
astar,N4_M20,4,20,0,3,1,13,44,13,
ppo,N4_M20,4,20,0,4,0,256,270,256,0.478
astar,N4_M20,4,20,0,4,1,14,44,12,
ppo,N4_M20,4,20,0,5,0,256,10,5,0.499
astar,N4_M20,4,20,0,5,1,13,38,12,
ppo,N4_M20,4,20,0,6,0,256,5,3,0.478
astar,N4_M20,4,20,0,6,1,6,23,6,
ppo,N4_M20,4,20,0,7,0,256,270,256,0.473
astar,N4_M20,4,20,0,7,1,14,45,12,
ppo,N4_M20,4,20,0,8,0,256,19,9,0.479
astar,N4_M20,4,20,0,8,1,18,67,18,
ppo,N4_M20,4,20,0,9,0,256,258,256,0.458
astar,N4_M20,4,20,0,9,1,16,59,16,
ppo,N4_M20,4,20,0,10,0,256,268,256,0.448
astar,N4_M20,4,20,0,10,1,6,22,6,
ppo,N4_M20,4,20,0,11,0,256,5,3,0.467
astar,N4_M20,4,20,0,11,1,17,59,17,
ppo,N4_M20,4,20,0,12,0,256,12,5,0.477
astar,N4_M20,4,20,0,12,1,14,48,14,
ppo,N4_M20,4,20,0,13,0,256,19,11,0.481
astar,N4_M20,4,20,0,13,1,19,68,19,
ppo,N4_M20,4,20,0,14,0,256,256,256,0.484
astar,N4_M20,4,20,0,14,1,7,24,7,
ppo,N4_M20,4,20,0,15,0,256,5,3,0.485
astar,N4_M20,4,20,0,15,1,10,38,10,
ppo,N4_M20,4,20,0,16,0,256,11,4,0.48
astar,N4_M20,4,20,0,16,1,16,56,16,
ppo,N4_M20,4,20,0,17,0,256,10,7,0.458
astar,N4_M20,4,20,0,17,1,18,64,18,
ppo,N4_M20,4,20,0,18,0,256,7,4,0.451
astar,N4_M20,4,20,0,18,1,13,40,12,
ppo,N4_M20,4,20,0,19,0,256,2,1,0.467
astar,N4_M20,4,20,0,19,1,16,59,16,
ppo,N4_M20,4,20,1,0,0,256,10,5,0.48
astar,N4_M20,4,20,1,0,1,9,29,9,
ppo,N4_M20,4,20,1,1,0,256,13,7,0.479
astar,N4_M20,4,20,1,1,1,2,8,2,
ppo,N4_M20,4,20,1,2,0,256,4,3,0.474
astar,N4_M20,4,20,1,2,1,14,47,14,
ppo,N4_M20,4,20,1,3,0,256,9,3,0.474
astar,N4_M20,4,20,1,3,1,10,40,10,
ppo,N4_M20,4,20,1,4,0,256,9,6,0.48
astar,N4_M20,4,20,1,4,1,7,24,7,
ppo,N4_M20,4,20,1,5,0,256,2,2,0.464
astar,N4_M20,4,20,1,5,1,12,39,11,
ppo,N4_M20,4,20,1,6,0,256,24,10,0.448
astar,N4_M20,4,20,1,6,1,11,41,11,
ppo,N4_M20,4,20,1,7,0,256,6,4,0.461
astar,N4_M20,4,20,1,7,1,4,16,4,
ppo,N4_M20,4,20,1,8,0,256,15,7,0.472
astar,N4_M20,4,20,1,8,1,16,55,16,
ppo,N4_M20,4,20,1,9,0,256,262,256,0.472
astar,N4_M20,4,20,1,9,1,9,32,9,
ppo,N4_M20,4,20,1,10,0,256,262,256,0.475
astar,N4_M20,4,20,1,10,1,9,32,9,
ppo,N4_M20,4,20,1,11,0,256,9,4,0.469
astar,N4_M20,4,20,1,11,1,10,36,10,
ppo,N4_M20,4,20,1,12,0,256,8,3,0.47
astar,N4_M20,4,20,1,12,1,9,30,9,
ppo,N4_M20,4,20,1,13,0,256,6,3,0.466
astar,N4_M20,4,20,1,13,1,8,27,8,
ppo,N4_M20,4,20,1,14,0,256,25,14,0.452
astar,N4_M20,4,20,1,14,1,9,35,9,
ppo,N4_M20,4,20,1,15,0,256,8,3,0.463
astar,N4_M20,4,20,1,15,1,17,57,17,
ppo,N4_M20,4,20,1,16,0,256,256,256,0.477
astar,N4_M20,4,20,1,16,1,22,61,18,
ppo,N4_M20,4,20,1,17,0,256,9,4,0.481
astar,N4_M20,4,20,1,17,1,15,57,15,
ppo,N4_M20,4,20,1,18,0,256,7,2,0.479
astar,N4_M20,4,20,1,18,1,11,40,11,
ppo,N4_M20,4,20,1,19,0,256,14,11,0.469
astar,N4_M20,4,20,1,19,1,11,38,11,
ppo,N4_M20,4,20,2,0,0,256,2,1,0.497
astar,N4_M20,4,20,2,0,1,14,42,12,
ppo,N4_M20,4,20,2,1,0,256,13,4,0.47
astar,N4_M20,4,20,2,1,1,13,46,13,
ppo,N4_M20,4,20,2,2,0,256,6,3,0.453
astar,N4_M20,4,20,2,2,1,7,28,7,
ppo,N4_M20,4,20,2,3,0,256,7,5,0.46
astar,N4_M20,4,20,2,3,1,9,34,9,
ppo,N4_M20,4,20,2,4,0,256,8,4,0.481
astar,N4_M20,4,20,2,4,1,13,46,12,
ppo,N4_M20,4,20,2,5,0,256,35,14,0.48
astar,N4_M20,4,20,2,5,1,2,8,2,
ppo,N4_M20,4,20,2,6,0,256,11,5,0.476
astar,N4_M20,4,20,2,6,1,4,13,4,
ppo,N4_M20,4,20,2,7,0,256,6,5,0.48
astar,N4_M20,4,20,2,7,1,21,73,19,
ppo,N4_M20,4,20,2,8,0,256,16,5,0.473
astar,N4_M20,4,20,2,8,1,23,83,22,
ppo,N4_M20,4,20,2,9,0,256,32,14,0.484
astar,N4_M20,4,20,2,9,1,16,55,16,
ppo,N4_M20,4,20,2,10,0,256,7,6,0.449
astar,N4_M20,4,20,2,10,1,12,45,12,
ppo,N4_M20,4,20,2,11,0,256,14,7,0.469
astar,N4_M20,4,20,2,11,0,256,1021,256,
ppo,N4_M20,4,20,2,12,0,256,257,256,0.479
astar,N4_M20,4,20,2,12,1,9,32,9,
ppo,N4_M20,4,20,2,13,0,256,0,0,0.489
astar,N4_M20,4,20,2,13,1,34,110,30,
ppo,N4_M20,4,20,2,14,0,256,19,12,0.474
astar,N4_M20,4,20,2,14,1,11,42,11,
ppo,N4_M20,4,20,2,15,0,256,5,3,0.481
astar,N4_M20,4,20,2,15,1,11,37,10,
ppo,N4_M20,4,20,2,16,0,256,268,246,0.484
astar,N4_M20,4,20,2,16,1,11,36,11,
ppo,N4_M20,4,20,2,17,0,256,2,1,0.464
astar,N4_M20,4,20,2,17,1,17,55,15,
ppo,N4_M20,4,20,2,18,0,256,5,3,0.465
astar,N4_M20,4,20,2,18,1,17,56,16,
ppo,N4_M20,4,20,2,19,0,256,1,1,0.473
astar,N4_M20,4,20,2,19,1,9,31,9,
ppo,N5_M20,5,20,0,0,0,256,7,3,0.561
astar,N5_M20,5,20,0,0,1,17,67,17,
ppo,N5_M20,5,20,0,1,0,256,3,2,0.543
astar,N5_M20,5,20,0,1,1,17,72,17,
ppo,N5_M20,5,20,0,2,0,256,15,5,0.556
astar,N5_M20,5,20,0,2,1,13,63,13,
ppo,N5_M20,5,20,0,3,0,256,18,8,0.575
astar,N5_M20,5,20,0,3,1,5,21,5,
ppo,N5_M20,5,20,0,4,0,256,17,9,0.535
astar,N5_M20,5,20,0,4,1,11,47,11,
ppo,N5_M20,5,20,0,5,0,256,9,5,0.515
astar,N5_M20,5,20,0,5,1,17,71,17,
ppo,N5_M20,5,20,0,6,0,256,11,8,0.53
astar,N5_M20,5,20,0,6,1,11,51,11,
ppo,N5_M20,5,20,0,7,0,256,21,6,0.537
astar,N5_M20,5,20,0,7,1,25,106,25,
ppo,N5_M20,5,20,0,8,0,256,14,8,0.54
astar,N5_M20,5,20,0,8,1,12,55,12,
ppo,N5_M20,5,20,0,9,0,256,5,2,0.538
astar,N5_M20,5,20,0,9,1,31,123,30,
ppo,N5_M20,5,20,0,10,0,256,12,7,0.552
astar,N5_M20,5,20,0,10,1,10,42,10,
ppo,N5_M20,5,20,0,11,0,256,29,11,0.547
astar,N5_M20,5,20,0,11,1,14,60,14,
ppo,N5_M20,5,20,0,12,0,256,11,5,0.515
astar,N5_M20,5,20,0,12,1,9,42,9,
ppo,N5_M20,5,20,0,13,0,256,14,9,0.528
astar,N5_M20,5,20,0,13,1,14,60,14,
ppo,N5_M20,5,20,0,14,0,256,268,256,0.552
astar,N5_M20,5,20,0,14,1,19,82,19,
ppo,N5_M20,5,20,0,15,0,256,9,5,0.544
astar,N5_M20,5,20,0,15,1,9,40,9,
ppo,N5_M20,5,20,0,16,0,256,28,11,0.548
astar,N5_M20,5,20,0,16,1,6,30,6,
ppo,N5_M20,5,20,0,17,0,256,4,1,0.546
astar,N5_M20,5,20,0,17,0,256,36,8,
ppo,N5_M20,5,20,0,18,0,256,6,3,0.559
astar,N5_M20,5,20,0,18,1,8,38,8,
ppo,N5_M20,5,20,0,19,0,256,0,0,0.563
astar,N5_M20,5,20,0,19,1,16,69,16,
ppo,N5_M20,5,20,1,0,0,256,518,256,0.548
astar,N5_M20,5,20,1,0,1,13,59,13,
ppo,N5_M20,5,20,1,1,0,256,264,256,0.526
astar,N5_M20,5,20,1,1,1,20,87,19,
ppo,N5_M20,5,20,1,2,0,256,11,7,0.515
astar,N5_M20,5,20,1,2,1,22,96,22,
ppo,N5_M20,5,20,1,3,0,256,9,3,0.557
astar,N5_M20,5,20,1,3,1,9,41,9,
ppo,N5_M20,5,20,1,4,0,256,19,7,0.568
astar,N5_M20,5,20,1,4,1,17,70,17,
ppo,N5_M20,5,20,1,5,0,256,6,4,0.576
astar,N5_M20,5,20,1,5,1,11,51,11,
ppo,N5_M20,5,20,1,6,0,256,13,4,0.557
astar,N5_M20,5,20,1,6,1,13,55,13,
ppo,N5_M20,5,20,1,7,0,256,8,3,0.542
astar,N5_M20,5,20,1,7,1,13,57,13,
ppo,N5_M20,5,20,1,8,0,256,8,6,0.539
astar,N5_M20,5,20,1,8,1,13,60,13,
ppo,N5_M20,5,20,1,9,0,256,26,12,0.538
astar,N5_M20,5,20,1,9,1,17,71,17,
ppo,N5_M20,5,20,1,10,0,256,12,7,0.56
astar,N5_M20,5,20,1,10,1,14,65,14,
ppo,N5_M20,5,20,1,11,0,256,4,3,0.549
astar,N5_M20,5,20,1,11,1,10,44,10,
ppo,N5_M20,5,20,1,12,0,256,18,9,0.55
astar,N5_M20,5,20,1,12,1,18,78,18,
ppo,N5_M20,5,20,1,13,0,256,9,5,0.577
astar,N5_M20,5,20,1,13,1,11,47,11,
ppo,N5_M20,5,20,1,14,0,256,13,5,0.578
astar,N5_M20,5,20,1,14,1,17,75,16,
ppo,N5_M20,5,20,1,15,0,256,7,5,0.521
astar,N5_M20,5,20,1,15,1,14,57,14,
ppo,N5_M20,5,20,1,16,0,256,13,6,0.52
astar,N5_M20,5,20,1,16,1,20,90,20,
ppo,N5_M20,5,20,1,17,0,256,7,2,0.552
astar,N5_M20,5,20,1,17,1,20,89,20,
ppo,N5_M20,5,20,1,18,0,256,261,256,0.557
astar,N5_M20,5,20,1,18,1,12,52,12,
ppo,N5_M20,5,20,1,19,0,256,8,3,0.564
astar,N5_M20,5,20,1,19,1,10,45,10,
ppo,N5_M20,5,20,2,0,0,256,17,8,0.551
astar,N5_M20,5,20,2,0,1,20,82,18,
ppo,N5_M20,5,20,2,1,0,256,300,256,0.55
astar,N5_M20,5,20,2,1,1,17,74,17,
ppo,N5_M20,5,20,2,2,0,256,8,2,0.529
astar,N5_M20,5,20,2,2,1,14,59,13,
ppo,N5_M20,5,20,2,3,0,256,17,8,0.531
astar,N5_M20,5,20,2,3,1,9,37,9,
ppo,N5_M20,5,20,2,4,0,256,267,256,0.549
astar,N5_M20,5,20,2,4,1,14,54,13,
ppo,N5_M20,5,20,2,5,0,256,273,254,0.546
astar,N5_M20,5,20,2,5,1,11,45,11,
ppo,N5_M20,5,20,2,6,0,256,21,5,0.543
astar,N5_M20,5,20,2,6,1,11,43,10,
ppo,N5_M20,5,20,2,7,0,256,7,4,0.547
astar,N5_M20,5,20,2,7,1,19,86,19,
ppo,N5_M20,5,20,2,8,0,256,20,10,0.552
astar,N5_M20,5,20,2,8,1,7,32,7,
ppo,N5_M20,5,20,2,9,0,256,256,256,0.527
astar,N5_M20,5,20,2,9,1,13,59,13,
ppo,N5_M20,5,20,2,10,0,256,15,11,0.517
astar,N5_M20,5,20,2,10,1,20,80,20,
ppo,N5_M20,5,20,2,11,0,256,269,256,0.562
astar,N5_M20,5,20,2,11,1,9,39,9,
ppo,N5_M20,5,20,2,12,0,256,8,6,0.557
astar,N5_M20,5,20,2,12,0,256,1020,255,
ppo,N5_M20,5,20,2,13,0,256,18,6,0.556
astar,N5_M20,5,20,2,13,1,15,60,15,
ppo,N5_M20,5,20,2,14,0,256,271,253,0.551
astar,N5_M20,5,20,2,14,1,10,43,10,
ppo,N5_M20,5,20,2,15,0,256,261,256,0.574
astar,N5_M20,5,20,2,15,1,14,55,12,
ppo,N5_M20,5,20,2,16,0,256,21,7,0.525
astar,N5_M20,5,20,2,16,1,10,45,10,
ppo,N5_M20,5,20,2,17,0,256,268,255,0.548
astar,N5_M20,5,20,2,17,1,6,30,6,
ppo,N5_M20,5,20,2,18,0,256,10,7,0.576
astar,N5_M20,5,20,2,18,1,9,38,9,
ppo,N5_M20,5,20,2,19,0,256,13,5,0.562
astar,N5_M20,5,20,2,19,1,9,40,9,
ppo,N5_M25,5,25,0,0,0,256,23,10,0.552
astar,N5_M25,5,25,0,0,1,15,64,15,
ppo,N5_M25,5,25,0,1,0,256,42,19,0.563
astar,N5_M25,5,25,0,1,1,14,64,14,
ppo,N5_M25,5,25,0,2,0,256,6,4,0.54
astar,N5_M25,5,25,0,2,1,15,69,15,
ppo,N5_M25,5,25,0,3,0,256,27,12,0.533
astar,N5_M25,5,25,0,3,1,20,81,19,
ppo,N5_M25,5,25,0,4,0,256,261,256,0.547
astar,N5_M25,5,25,0,4,1,12,56,12,
ppo,N5_M25,5,25,0,5,0,256,15,8,0.572
astar,N5_M25,5,25,0,5,1,19,74,17,
ppo,N5_M25,5,25,0,6,0,256,2,2,0.561
astar,N5_M25,5,25,0,6,1,18,85,18,
ppo,N5_M25,5,25,0,7,0,256,5,2,0.553
astar,N5_M25,5,25,0,7,1,23,100,23,
ppo,N5_M25,5,25,0,8,0,256,21,6,0.543
astar,N5_M25,5,25,0,8,1,19,84,19,
ppo,N5_M25,5,25,0,9,0,256,12,6,0.557
astar,N5_M25,5,25,0,9,1,16,71,16,
ppo,N5_M25,5,25,0,10,0,256,263,252,0.521
astar,N5_M25,5,25,0,10,1,20,92,20,
ppo,N5_M25,5,25,0,11,0,256,17,7,0.54
astar,N5_M25,5,25,0,11,1,14,63,14,
ppo,N5_M25,5,25,0,12,0,256,21,7,0.552
astar,N5_M25,5,25,0,12,1,19,84,17,
ppo,N5_M25,5,25,0,13,0,256,5,3,0.556
astar,N5_M25,5,25,0,13,1,16,67,16,
ppo,N5_M25,5,25,0,14,0,256,24,9,0.546
astar,N5_M25,5,25,0,14,0,256,1273,256,
ppo,N5_M25,5,25,0,15,0,256,290,256,0.56
astar,N5_M25,5,25,0,15,1,19,82,19,
ppo,N5_M25,5,25,0,16,0,256,24,12,0.543
astar,N5_M25,5,25,0,16,1,14,68,14,
ppo,N5_M25,5,25,0,17,0,256,16,8,0.523
astar,N5_M25,5,25,0,17,0,256,1026,255,
ppo,N5_M25,5,25,0,18,0,256,17,6,0.544
astar,N5_M25,5,25,0,18,1,21,89,20,
ppo,N5_M25,5,25,0,19,0,256,18,10,0.549
astar,N5_M25,5,25,0,19,1,22,94,21,
ppo,N5_M25,5,25,1,0,0,256,21,7,0.559
astar,N5_M25,5,25,1,0,1,17,67,16,
ppo,N5_M25,5,25,1,1,0,256,11,5,0.558
astar,N5_M25,5,25,1,1,1,18,79,18,
ppo,N5_M25,5,25,1,2,0,256,23,7,0.56
astar,N5_M25,5,25,1,2,1,9,39,9,
ppo,N5_M25,5,25,1,3,0,256,25,11,0.517
astar,N5_M25,5,25,1,3,1,12,54,12,
ppo,N5_M25,5,25,1,4,0,256,10,5,0.528
astar,N5_M25,5,25,1,4,1,16,73,16,
ppo,N5_M25,5,25,1,5,0,256,8,5,0.552
astar,N5_M25,5,25,1,5,1,21,94,21,
ppo,N5_M25,5,25,1,6,0,256,7,5,0.555
astar,N5_M25,5,25,1,6,1,23,93,21,
ppo,N5_M25,5,25,1,7,0,256,5,2,0.557
astar,N5_M25,5,25,1,7,1,10,44,10,
ppo,N5_M25,5,25,1,8,0,256,515,255,0.569
astar,N5_M25,5,25,1,8,1,17,75,16,
ppo,N5_M25,5,25,1,9,0,256,6,4,0.556
astar,N5_M25,5,25,1,9,1,25,105,25,
ppo,N5_M25,5,25,1,10,0,256,11,5,0.525
astar,N5_M25,5,25,1,10,1,22,96,22,
ppo,N5_M25,5,25,1,11,0,256,9,6,0.519
astar,N5_M25,5,25,1,11,1,19,81,19,
ppo,N5_M25,5,25,1,12,0,256,264,256,0.544
astar,N5_M25,5,25,1,12,1,20,87,20,
ppo,N5_M25,5,25,1,13,0,256,25,10,0.566
astar,N5_M25,5,25,1,13,1,12,52,12,
ppo,N5_M25,5,25,1,14,0,256,12,5,0.566
astar,N5_M25,5,25,1,14,1,22,99,22,
ppo,N5_M25,5,25,1,15,0,256,3,2,0.556
astar,N5_M25,5,25,1,15,1,14,58,14,
ppo,N5_M25,5,25,1,16,0,256,11,3,0.562
astar,N5_M25,5,25,1,16,1,14,61,14,
ppo,N5_M25,5,25,1,17,0,256,23,11,0.527
astar,N5_M25,5,25,1,17,1,17,73,17,
ppo,N5_M25,5,25,1,18,0,256,268,256,0.541
astar,N5_M25,5,25,1,18,1,17,72,17,
ppo,N5_M25,5,25,1,19,0,256,9,4,0.552
astar,N5_M25,5,25,1,19,1,20,85,20,
ppo,N5_M25,5,25,2,0,0,256,266,253,0.554
astar,N5_M25,5,25,2,0,1,15,66,15,
ppo,N5_M25,5,25,2,1,0,256,36,14,0.542
astar,N5_M25,5,25,2,1,1,26,93,21,
ppo,N5_M25,5,25,2,2,0,256,263,256,0.563
astar,N5_M25,5,25,2,2,1,13,55,13,
ppo,N5_M25,5,25,2,3,0,256,274,256,0.561
astar,N5_M25,5,25,2,3,1,18,75,18,
ppo,N5_M25,5,25,2,4,0,256,25,8,0.53
astar,N5_M25,5,25,2,4,1,18,77,17,
ppo,N5_M25,5,25,2,5,0,256,262,256,0.539
astar,N5_M25,5,25,2,5,1,23,93,22,
ppo,N5_M25,5,25,2,6,0,256,11,5,0.56
astar,N5_M25,5,25,2,6,1,18,78,17,
ppo,N5_M25,5,25,2,7,0,256,14,5,0.581
astar,N5_M25,5,25,2,7,1,18,71,16,
ppo,N5_M25,5,25,2,8,0,256,23,9,0.57
astar,N5_M25,5,25,2,8,1,13,63,13,
ppo,N5_M25,5,25,2,9,0,256,10,6,0.554
astar,N5_M25,5,25,2,9,1,24,101,23,
ppo,N5_M25,5,25,2,10,0,256,17,14,0.558
astar,N5_M25,5,25,2,10,1,15,63,15,
ppo,N5_M25,5,25,2,11,0,256,13,8,0.526
astar,N5_M25,5,25,2,11,1,11,48,11,
ppo,N5_M25,5,25,2,12,0,256,22,11,0.538
astar,N5_M25,5,25,2,12,1,27,113,27,
ppo,N5_M25,5,25,2,13,0,256,17,9,0.543
astar,N5_M25,5,25,2,13,1,21,91,21,
ppo,N5_M25,5,25,2,14,0,256,12,4,0.549
astar,N5_M25,5,25,2,14,1,16,77,16,
ppo,N5_M25,5,25,2,15,0,256,16,10,0.56
astar,N5_M25,5,25,2,15,1,19,84,19,
ppo,N5_M25,5,25,2,16,0,256,262,256,0.556
astar,N5_M25,5,25,2,16,1,11,50,11,
ppo,N5_M25,5,25,2,17,0,256,20,8,0.549
astar,N5_M25,5,25,2,17,1,15,65,15,
ppo,N5_M25,5,25,2,18,0,256,16,6,0.543
astar,N5_M25,5,25,2,18,1,25,104,25,
ppo,N5_M25,5,25,2,19,0,256,14,11,0.566
astar,N5_M25,5,25,2,19,1,21,88,21,
