param,level,n_robots,seed,steps,success_rate,steps_mean,total_dist_mean,max_dist_mean,jain_mean
potential_coef,0.1,4,0,200000,0.77,178.62,407.41,116.4,0.9814056256674943
potential_coef,0.25,4,0,200000,0.8,150.11,344.92,99.61,0.9835140690154678
potential_coef,0.5,4,0,200000,0.88,117.0,279.3,78.93,0.9857242208915075
potential_coef,1.0,4,0,200000,0.91,108.0,258.07,73.64,0.9819425796730392
potential_coef,2.0,4,0,200000,0.94,95.75,235.74,67.29,0.9834094388380297
step_cost,-0.5,4,0,200000,0.91,112.6,271.9,78.14,0.9811621590944121
step_cost,-0.2,4,0,200000,0.9,122.99,289.34,82.46,0.9833765162517633
step_cost,-0.1,4,0,200000,0.88,117.0,279.3,78.93,0.9857242208915075
step_cost,-0.05,4,0,200000,0.9,116.67,291.41,82.02,0.985874897592613
step_cost,0.0,4,0,200000,0.93,117.44,278.92,78.14,0.9844210149086766
collide_obstacle,-20.0,4,0,200000,0.9,142.99,319.86,92.36,0.9785717491074721
collide_obstacle,-10.0,4,0,200000,0.9,129.93,296.56,85.73,0.9810173042728552
collide_obstacle,-5.0,4,0,200000,0.88,117.0,279.3,78.93,0.9857242208915075
collide_obstacle,-1.0,4,0,200000,0.93,99.61,242.81,69.39,0.9831426273451142
collide_obstacle,0.0,4,0,200000,0.91,97.35,231.93,67.09,0.977243030816591
collide_robot,-20.0,4,0,200000,0.66,204.9,516.12,143.34,0.9892137715595709
collide_robot,-10.0,4,0,200000,0.88,140.55,346.81,98.31,0.9847208264171526
collide_robot,-5.0,4,0,200000,0.88,117.0,279.3,78.93,0.9857242208915075
collide_robot,-1.0,4,0,200000,0.95,110.99,267.01,76.32,0.9825776735593655
collide_robot,0.0,4,0,200000,0.89,113.21,269.47,76.65,0.9809427536686331
potential_coef,0.1,3,0,200000,0.97,76.75,143.8,53.43,0.9840111811356546
potential_coef,0.25,3,0,200000,1.0,54.31,107.22,39.98,0.9821290373948631
potential_coef,0.5,3,0,200000,0.98,59.58,108.99,41.33,0.9782581108550157
potential_coef,1.0,3,0,200000,1.0,53.87,104.12,39.33,0.9772447179636256
potential_coef,2.0,3,0,200000,1.0,51.74,96.8,36.39,0.9788991342607254
step_cost,-0.5,3,0,200000,0.98,60.65,112.41,43.11,0.9760782643294472
step_cost,-0.2,3,0,200000,0.99,52.68,97.36,36.73,0.9797201486235164
step_cost,-0.1,3,0,200000,0.98,59.58,108.99,41.33,0.9782581108550157
step_cost,-0.05,3,0,200000,0.99,52.75,99.11,37.11,0.9807336941384348
step_cost,0.0,3,0,200000,1.0,48.15,94.06,35.98,0.9780039716142768
collide_obstacle,-20.0,3,0,200000,0.98,94.2,166.79,62.51,0.9821509101359576
collide_obstacle,-10.0,3,0,200000,0.98,73.22,131.49,49.57,0.9795188197530815
collide_obstacle,-5.0,3,0,200000,0.98,59.58,108.99,41.33,0.9782581108550157
collide_obstacle,-1.0,3,0,200000,1.0,53.41,100.25,38.26,0.9750948544164085
collide_obstacle,0.0,3,0,200000,0.99,50.25,92.36,35.18,0.976535722961121
collide_robot,-20.0,3,0,200000,0.96,76.82,144.86,55.22,0.9775333135353215
collide_robot,-10.0,3,0,200000,0.99,65.85,123.92,47.01,0.9796387146977836
collide_robot,-5.0,3,0,200000,0.98,59.58,108.99,41.33,0.9782581108550157
collide_robot,-1.0,3,0,200000,0.99,56.49,104.14,40.28,0.9728126452247249
collide_robot,0.0,3,0,200000,1.0,52.13,99.07,37.82,0.977021424855748
potential_coef,0.1,5,0,200000,0.01,297.48,976.75,218.01,0.990311369888432
potential_coef,0.25,5,0,200000,0.06,293.98,984.18,217.29,0.9928260673747826
potential_coef,0.5,5,0,200000,0.26,273.21,912.02,201.91,0.9916613544519599
potential_coef,1.0,5,0,200000,0.8,167.76,526.46,118.24,0.9884185795720984
potential_coef,2.0,5,0,200000,0.85,157.07,503.01,112.11,0.989558384884957
step_cost,-0.5,5,0,200000,0.32,263.74,875.39,192.42,0.9933540306516211
step_cost,-0.2,5,0,200000,0.25,272.32,910.32,199.84,0.9928619214117674
step_cost,-0.1,5,0,200000,0.26,273.21,912.02,201.91,0.9916613544519599
step_cost,-0.05,5,0,200000,0.52,243.03,777.38,174.13,0.9889703837302001
step_cost,0.0,5,0,200000,0.52,243.85,773.87,173.26,0.9898734820738666
collide_obstacle,-20.0,5,0,200000,0.22,281.63,893.55,200.35,0.9914845309144742
collide_obstacle,-10.0,5,0,200000,0.45,254.25,806.91,180.09,0.9908585384846725
collide_obstacle,-5.0,5,0,200000,0.26,273.21,912.02,201.91,0.9916613544519599
collide_obstacle,-1.0,5,0,200000,0.43,243.73,820.74,179.73,0.9931341004929056
collide_obstacle,0.0,5,0,200000,0.72,195.89,637.85,144.06,0.9883626888314666
collide_robot,-20.0,5,0,200000,0.0,300.0,1009.51,222.2,0.9932885200030702
collide_robot,-10.0,5,0,200000,0.04,296.74,1014.24,222.64,0.9932304528191076
collide_robot,-5.0,5,0,200000,0.26,273.21,912.02,201.91,0.9916613544519599
collide_robot,-1.0,5,0,200000,0.76,183.87,560.7,126.35,0.989189741251981
collide_robot,0.0,5,0,200000,0.69,196.22,617.26,138.98,0.9901366220603269
potential_coef,0.02,3,0,200000,0.25,264.31,506.72,183.87,0.9920290213131335
potential_coef,5.0,3,0,200000,0.96,76.97,152.12,56.24,0.9841645226372839
step_cost,-5.0,3,0,200000,0.99,58.69,117.84,43.58,0.9826232031478438
step_cost,-2.0,3,0,200000,0.99,61.38,116.7,43.45,0.9834622284713564
step_cost,-1.0,3,0,200000,0.99,59.0,114.47,42.81,0.9828493436495132
collide_obstacle,-100.0,3,0,200000,0.24,264.43,542.84,196.06,0.99115381341
collide_obstacle,-50.0,3,0,200000,0.83,168.21,300.2,109.78,0.9870307217043794
collide_robot,-100.0,3,0,200000,0.7,175.77,356.22,127.95,0.9925231754216791
collide_robot,-50.0,3,0,200000,0.95,101.46,203.79,73.69,0.9878615944200188
potential_coef,0.02,4,0,200000,0.01,298.16,759.92,211.12,0.9903855435219024
potential_coef,5.0,4,0,200000,0.79,168.15,464.29,125.12,0.9935131035381453
step_cost,-5.0,4,0,200000,0.91,131.42,335.02,94.09,0.9889663645358034
step_cost,-2.0,4,0,200000,0.89,132.33,340.75,93.43,0.989989878593631
step_cost,-1.0,4,0,200000,0.85,146.2,382.73,105.16,0.9901156085202331
collide_obstacle,-100.0,4,0,200000,0.05,294.66,744.79,206.51,0.9898382885467716
collide_obstacle,-50.0,4,0,200000,0.28,271.2,667.23,185.81,0.9899606697740758
collide_robot,-100.0,4,0,200000,0.01,299.42,809.14,219.87,0.9942671776127936
collide_robot,-50.0,4,0,200000,0.02,297.72,832.42,223.36,0.9955979608873853
potential_coef,0.02,5,0,200000,0.0,300.0,975.16,215.46,0.992701104335846
potential_coef,5.0,5,0,200000,0.25,272.0,935.24,201.97,0.9951374793810923
step_cost,-5.0,5,0,200000,0.46,255.73,853.56,187.43,0.9926435371735601
step_cost,-2.0,5,0,200000,0.35,262.5,875.58,191.0,0.9937650493832987
step_cost,-1.0,5,0,200000,0.26,272.3,909.57,198.54,0.9928923295512834
collide_obstacle,-100.0,5,0,200000,0.0,300.0,993.75,220.98,0.9922899245497253
collide_obstacle,-50.0,5,0,200000,0.01,299.44,985.42,217.68,0.9926930323997192
collide_robot,-100.0,5,0,200000,0.0,300.0,1022.42,222.48,0.9948376811995598
collide_robot,-50.0,5,0,200000,0.0,300.0,1045.24,225.98,0.9950438695321755
