param,level,n_robots,seed,steps,success_rate,cf_success_rate,steps_mean,total_dist_mean,max_dist_mean,jain_mean,obs_collisions_mean,robot_collisions_mean
potential_coef,0.02,3,0,200000,0.27,0.01,254.66,491.81,179.01,0.9916983189346881,24.15,5.01
potential_coef,0.1,3,0,200000,0.92,0.09,107.86,210.43,76.81,0.9856009708960357,20.31,3.92
potential_coef,0.25,3,0,200000,0.97,0.14,77.08,144.0,52.91,0.9860447359056699,20.64,5.39
potential_coef,0.5,3,0,200000,0.98,0.18,74.27,142.35,52.74,0.9839944678154392,21.75,3.72
potential_coef,1.0,3,0,200000,0.98,0.14,62.9,117.03,44.05,0.9831527972922622,20.11,4.54
potential_coef,2.0,3,0,200000,0.97,0.15,70.12,126.07,47.23,0.9820843274162114,23.84,6.46
potential_coef,5.0,3,0,200000,0.97,0.16,80.51,161.56,59.55,0.9837056818597988,26.63,4.31
step_cost,-5.0,3,0,200000,0.99,0.13,69.6,131.99,50.06,0.9794345556725197,27.24,5.06
step_cost,-2.0,3,0,200000,0.98,0.16,61.16,115.02,43.1,0.9828606629888794,21.71,4.58
step_cost,-1.0,3,0,200000,0.99,0.13,64.46,124.27,46.05,0.9845086096343004,23.66,4.11
step_cost,-0.5,3,0,200000,0.98,0.16,57.01,106.85,40.2,0.981637193045831,18.25,5.05
step_cost,-0.2,3,0,200000,0.99,0.16,67.58,130.22,48.87,0.9795123564409844,24.83,3.62
step_cost,-0.1,3,0,200000,0.99,0.14,61.71,116.13,43.6,0.981763195375628,20.0,4.93
step_cost,-0.05,3,0,200000,0.97,0.15,70.12,126.07,47.23,0.9820843274162114,23.84,6.46
step_cost,0.0,3,0,200000,0.98,0.15,63.03,120.15,44.82,0.9812416969789514,20.57,4.82
collide_obstacle,-100.0,3,0,200000,0.9,0.05,132.73,250.47,90.95,0.9884667436948514,19.35,4.97
collide_obstacle,-50.0,3,0,200000,0.96,0.1,111.86,213.69,77.97,0.9879946117577765,22.61,4.42
collide_obstacle,-20.0,3,0,200000,0.98,0.12,80.07,153.55,55.81,0.9855176063871092,19.87,3.96
collide_obstacle,-10.0,3,0,200000,0.99,0.14,68.58,130.72,48.18,0.9837314212131691,21.07,4.7
collide_obstacle,-5.0,3,0,200000,0.97,0.15,70.12,126.07,47.23,0.9820843274162114,23.84,6.46
collide_obstacle,-1.0,3,0,200000,0.98,0.14,60.01,115.04,42.8,0.9829815078192055,21.37,3.98
collide_obstacle,0.0,3,0,200000,0.99,0.15,63.63,121.62,45.32,0.9842852814534631,22.03,4.89
collide_robot,-100.0,3,0,200000,0.99,0.1,93.02,183.53,67.2,0.9882288228799304,23.72,3.82
collide_robot,-50.0,3,0,200000,0.98,0.15,75.38,149.32,55.37,0.9835492354198979,22.9,3.62
collide_robot,-20.0,3,0,200000,0.98,0.15,73.5,141.02,52.3,0.9846765568385564,23.87,3.94
collide_robot,-10.0,3,0,200000,0.99,0.14,65.63,124.6,45.9,0.9828165825545296,20.77,4.73
collide_robot,-5.0,3,0,200000,0.97,0.15,70.12,126.07,47.23,0.9820843274162114,23.84,6.46
collide_robot,-1.0,3,0,200000,0.99,0.13,59.4,114.29,43.06,0.9809897722665311,19.86,3.53
collide_robot,0.0,3,0,200000,0.97,0.12,72.84,136.7,50.88,0.9817541390771409,24.86,5.16
potential_coef,0.02,4,0,200000,0.0,0.0,300.0,753.93,210.15,0.9895621139304506,40.26,7.69
potential_coef,0.1,4,0,200000,0.12,0.0,288.37,754.28,209.46,0.9902898263074533,47.78,13.35
potential_coef,0.25,4,0,200000,0.58,0.03,217.87,578.65,158.17,0.9929818888429186,46.59,17.16
potential_coef,0.5,4,0,200000,0.85,0.09,151.21,393.95,109.32,0.9877799027270601,41.5,15.86
potential_coef,1.0,4,0,200000,0.91,0.08,126.65,325.96,90.6,0.98761362284775,44.1,14.52
potential_coef,2.0,4,0,200000,0.91,0.08,129.32,332.77,92.88,0.986606176267186,45.01,16.94
potential_coef,5.0,4,0,200000,0.83,0.06,165.68,454.75,123.58,0.9928239835242048,45.77,16.94
step_cost,-5.0,4,0,200000,0.94,0.07,108.35,278.13,77.0,0.987507842253895,41.81,14.78
step_cost,-2.0,4,0,200000,0.94,0.09,110.48,290.0,80.26,0.987766655178246,39.37,15.11
step_cost,-1.0,4,0,200000,0.89,0.07,125.11,322.6,89.78,0.9875614311404113,46.74,18.5
step_cost,-0.5,4,0,200000,0.92,0.07,124.25,319.47,88.23,0.9873287706975225,41.11,17.49
step_cost,-0.2,4,0,200000,0.89,0.08,125.37,318.64,88.52,0.9875530183449794,47.33,16.5
step_cost,-0.1,4,0,200000,0.9,0.08,123.99,313.76,87.23,0.9881549742938717,46.85,17.17
step_cost,-0.05,4,0,200000,0.91,0.08,129.32,332.77,92.88,0.986606176267186,45.01,16.94
step_cost,0.0,4,0,200000,0.85,0.09,128.16,322.86,89.95,0.9867688938559195,46.04,18.0
collide_obstacle,-100.0,4,0,200000,0.39,0.02,251.71,648.76,178.51,0.9920024418835959,41.64,17.45
collide_obstacle,-50.0,4,0,200000,0.81,0.06,165.47,411.81,113.46,0.9907581567429379,34.5,18.14
collide_obstacle,-20.0,4,0,200000,0.9,0.06,145.39,371.23,102.42,0.9892724125684447,41.86,16.53
collide_obstacle,-10.0,4,0,200000,0.93,0.08,130.37,332.01,91.87,0.9891182495899874,42.42,17.72
collide_obstacle,-5.0,4,0,200000,0.91,0.08,129.32,332.77,92.88,0.986606176267186,45.01,16.94
collide_obstacle,-1.0,4,0,200000,0.89,0.09,122.6,315.72,87.42,0.9878193363472615,45.95,17.19
collide_obstacle,0.0,4,0,200000,0.92,0.08,112.62,288.12,80.24,0.9883393482578434,43.95,17.63
collide_robot,-100.0,4,0,200000,0.42,0.0,246.91,669.89,179.64,0.9955203996744528,48.51,15.28
collide_robot,-50.0,4,0,200000,0.66,0.03,201.55,543.51,146.17,0.993390474776357,49.95,16.09
collide_robot,-20.0,4,0,200000,0.92,0.11,128.12,329.28,91.78,0.9865654858763397,42.47,14.43
collide_robot,-10.0,4,0,200000,0.89,0.06,136.52,348.51,95.94,0.9901830073517768,47.16,19.26
collide_robot,-5.0,4,0,200000,0.91,0.08,129.32,332.77,92.88,0.986606176267186,45.01,16.94
collide_robot,-1.0,4,0,200000,0.93,0.08,106.58,268.91,74.94,0.987815878520788,41.52,14.28
collide_robot,0.0,4,0,200000,0.93,0.09,109.42,281.91,79.0,0.9865985634546294,39.31,14.46
potential_coef,0.02,5,0,200000,0.0,0.0,300.0,975.21,218.54,0.9905364854627906,40.2,14.26
potential_coef,0.1,5,0,200000,0.0,0.0,300.0,972.98,214.85,0.9920900419193787,52.59,19.24
potential_coef,0.25,5,0,200000,0.05,0.0,294.9,997.7,219.72,0.9929870531141085,63.16,22.87
potential_coef,0.5,5,0,200000,0.29,0.0,274.91,909.82,198.51,0.9938427448037678,64.7,37.72
potential_coef,1.0,5,0,200000,0.59,0.0,228.69,759.37,165.76,0.9932389049959874,62.52,41.27
potential_coef,2.0,5,0,200000,0.69,0.0,203.08,659.15,145.21,0.9917208737771194,65.57,42.31
potential_coef,5.0,5,0,200000,0.26,0.0,279.0,957.77,206.37,0.9956697561259312,70.76,37.36
step_cost,-5.0,5,0,200000,0.78,0.01,176.86,580.4,128.44,0.9916617037889776,60.19,39.16
step_cost,-2.0,5,0,200000,0.69,0.0,193.39,642.9,140.31,0.9925132336838515,64.75,37.97
step_cost,-1.0,5,0,200000,0.71,0.0,197.48,643.57,142.9,0.9909984480418609,68.88,40.13
step_cost,-0.5,5,0,200000,0.71,0.0,201.0,666.61,145.32,0.9933751855798414,58.97,39.86
step_cost,-0.2,5,0,200000,0.74,0.0,206.39,670.59,147.58,0.991771127987746,63.73,46.86
step_cost,-0.1,5,0,200000,0.65,0.0,212.53,687.73,150.36,0.9923630893921185,67.01,45.18
step_cost,-0.05,5,0,200000,0.69,0.0,203.08,659.15,145.21,0.9917208737771194,65.57,42.31
step_cost,0.0,5,0,200000,0.71,0.0,206.23,679.9,149.27,0.9925276881601925,67.8,41.64
collide_obstacle,-100.0,5,0,200000,0.09,0.0,289.76,968.43,212.03,0.9938447688274542,63.24,30.59
collide_obstacle,-50.0,5,0,200000,0.37,0.01,262.3,843.8,184.77,0.9938837550048547,54.58,43.88
collide_obstacle,-20.0,5,0,200000,0.66,0.0,221.07,725.11,158.13,0.993661788124175,57.71,42.32
collide_obstacle,-10.0,5,0,200000,0.64,0.0,218.04,707.73,154.82,0.9926258791570669,65.64,44.31
collide_obstacle,-5.0,5,0,200000,0.69,0.0,203.08,659.15,145.21,0.9917208737771194,65.57,42.31
collide_obstacle,-1.0,5,0,200000,0.73,0.0,196.36,647.65,141.66,0.9925556101018881,65.77,41.55
collide_obstacle,0.0,5,0,200000,0.61,0.0,211.1,702.61,153.14,0.993075126958424,70.48,41.61
collide_robot,-100.0,5,0,200000,0.04,0.0,296.22,1030.15,221.09,0.9963322618148797,70.08,25.79
collide_robot,-50.0,5,0,200000,0.12,0.0,287.78,975.61,209.77,0.9953436930027586,78.51,31.95
collide_robot,-20.0,5,0,200000,0.36,0.0,262.82,881.85,191.22,0.994908811253116,77.6,39.73
collide_robot,-10.0,5,0,200000,0.56,0.0,233.03,775.78,168.8,0.9940954354716909,69.08,43.98
collide_robot,-5.0,5,0,200000,0.69,0.0,203.08,659.15,145.21,0.9917208737771194,65.57,42.31
collide_robot,-1.0,5,0,200000,0.77,0.0,190.29,624.11,136.87,0.9932896554859706,61.48,42.04
collide_robot,0.0,5,0,200000,0.81,0.0,180.96,589.24,129.67,0.992208718501135,56.8,42.34
