method,heuristic,n,m,train_seed,episode,success,steps,total_distance,max_distance,wall_ms_per_step
ppo,,2,20,0,0,0.0,300.0,14.0,7.0,0.3843266666666656
astar,median,2,20,-1,0,True,25,23,12,
astar,component,2,20,-1,0,True,23,31,16,
astar,bbox,2,20,-1,0,True,25,23,12,
ppo,,2,20,0,1,1.0,19.0,23.0,19.0,0.44730000000000425
astar,median,2,20,-1,1,True,12,23,12,
astar,component,2,20,-1,1,True,42,65,34,
astar,bbox,2,20,-1,1,True,12,23,12,
ppo,,2,20,0,2,0.0,300.0,13.0,8.0,0.3560193333333335
astar,median,2,20,-1,2,True,35,22,12,
astar,component,2,20,-1,2,True,22,27,14,
astar,bbox,2,20,-1,2,True,9,15,8,
ppo,,2,20,0,3,0.0,300.0,16.0,14.0,0.3671890000000004
astar,median,2,20,-1,3,True,15,23,14,
astar,component,2,20,-1,3,True,31,36,19,
astar,bbox,2,20,-1,3,True,15,23,14,
ppo,,2,20,0,4,1.0,7.0,14.0,7.0,0.5503999999999668
astar,median,2,20,-1,4,True,6,12,6,
astar,component,2,20,-1,4,True,22,29,19,
astar,bbox,2,20,-1,4,True,6,12,6,
ppo,,2,20,0,5,0.0,300.0,13.0,7.0,0.3689943333333323
astar,median,2,20,-1,5,True,14,20,11,
astar,component,2,20,-1,5,True,21,24,13,
astar,bbox,2,20,-1,5,True,14,20,11,
ppo,,2,20,0,6,1.0,3.0,6.0,3.0,0.8424666666666525
astar,median,2,20,-1,6,True,3,6,3,
astar,component,2,20,-1,6,True,8,10,7,
astar,bbox,2,20,-1,6,True,3,6,3,
ppo,,2,20,0,7,1.0,7.0,9.0,7.0,0.49802857142853896
astar,median,2,20,-1,7,True,3,6,3,
astar,component,2,20,-1,7,True,9,12,8,
astar,bbox,2,20,-1,7,True,3,6,3,
ppo,,2,20,0,8,0.0,300.0,11.0,7.0,0.36510033333333397
astar,median,2,20,-1,8,True,29,13,8,
astar,component,2,20,-1,8,True,15,15,9,
astar,bbox,2,20,-1,8,True,29,13,8,
ppo,,2,20,0,9,0.0,300.0,8.0,8.0,0.3596300000000004
astar,median,2,20,-1,9,True,4,8,4,
astar,component,2,20,-1,9,True,31,14,8,
astar,bbox,2,20,-1,9,True,26,11,6,
ppo,,2,20,0,10,0.0,300.0,1.0,1.0,0.3765353333333336
astar,median,2,20,-1,10,True,12,4,2,
astar,component,2,20,-1,10,True,3,3,3,
astar,bbox,2,20,-1,10,True,12,4,2,
ppo,,2,20,0,11,1.0,4.0,4.0,4.0,0.5030249999999903
astar,median,2,20,-1,11,True,3,6,3,
astar,component,2,20,-1,11,True,8,10,7,
astar,bbox,2,20,-1,11,True,3,6,3,
ppo,,2,20,0,12,0.0,300.0,16.0,14.0,0.3715100000000001
astar,median,2,20,-1,12,True,9,14,9,
astar,component,2,20,-1,12,True,21,21,13,
astar,bbox,2,20,-1,12,True,9,14,9,
ppo,,2,20,0,13,1.0,11.0,22.0,11.0,0.43420000000002096
astar,median,2,20,-1,13,True,13,24,13,
astar,component,2,20,-1,13,True,41,54,31,
astar,bbox,2,20,-1,13,True,13,24,13,
ppo,,2,20,0,14,1.0,11.0,13.0,10.0,0.4196272727272834
astar,median,2,20,-1,14,True,7,14,7,
astar,component,2,20,-1,14,True,22,32,17,
astar,bbox,2,20,-1,14,True,7,14,7,
ppo,,2,20,0,15,0.0,300.0,1.0,1.0,0.3631480000000013
astar,median,2,20,-1,15,True,11,18,11,
astar,component,2,20,-1,15,True,27,31,17,
astar,bbox,2,20,-1,15,True,11,18,11,
ppo,,2,20,0,16,1.0,5.0,5.0,5.0,0.48517999999999617
astar,median,2,20,-1,16,True,3,6,3,
astar,component,2,20,-1,16,True,8,10,7,
astar,bbox,2,20,-1,16,True,3,6,3,
ppo,,2,20,0,17,1.0,5.0,8.0,5.0,0.5668000000000006
astar,median,2,20,-1,17,True,5,10,5,
astar,component,2,20,-1,17,True,12,16,9,
astar,bbox,2,20,-1,17,True,5,10,5,
ppo,,2,20,0,18,1.0,4.0,8.0,4.0,0.5385749999999856
astar,median,2,20,-1,18,True,4,8,4,
astar,component,2,20,-1,18,True,12,16,9,
astar,bbox,2,20,-1,18,True,4,8,4,
ppo,,2,20,0,19,1.0,1.0,2.0,1.0,0.8582999999999785
astar,median,2,20,-1,19,True,1,2,1,
astar,component,2,20,-1,19,True,1,1,1,
astar,bbox,2,20,-1,19,True,1,2,1,
ppo,,2,20,1,0,0.0,300.0,13.0,8.0,0.36721366666666666
ppo,,2,20,1,1,0.0,300.0,20.0,10.0,0.36684533333333363
ppo,,2,20,1,2,0.0,300.0,4.0,3.0,0.3507093333333344
ppo,,2,20,1,3,1.0,11.0,18.0,10.0,0.4024363636363695
ppo,,2,20,1,4,1.0,7.0,12.0,7.0,0.527842857142881
ppo,,2,20,1,5,0.0,300.0,14.0,8.0,0.3736876666666659
ppo,,2,20,1,6,1.0,3.0,6.0,3.0,0.8003999999998493
ppo,,2,20,1,7,0.0,300.0,7.0,4.0,0.3676210000000009
ppo,,2,20,1,8,0.0,300.0,6.0,4.0,0.35839966666666595
ppo,,2,20,1,9,0.0,300.0,7.0,7.0,0.3716010000000007
ppo,,2,20,1,10,0.0,300.0,3.0,2.0,0.35284966666666584
ppo,,2,20,1,11,1.0,3.0,6.0,3.0,0.5441000000002324
ppo,,2,20,1,12,0.0,300.0,15.0,14.0,0.3567140000000002
ppo,,2,20,1,13,1.0,12.0,23.0,12.0,0.39761666666667433
ppo,,2,20,1,14,0.0,300.0,9.0,9.0,0.37098333333333083
ppo,,2,20,1,15,0.0,300.0,1.0,1.0,0.36861699999999925
ppo,,2,20,1,16,1.0,3.0,6.0,3.0,0.5788666666666961
ppo,,2,20,1,17,1.0,4.0,8.0,4.0,0.554150000000142
ppo,,2,20,1,18,1.0,5.0,8.0,5.0,0.4913000000000167
ppo,,2,20,1,19,1.0,1.0,2.0,1.0,0.9239000000000885
ppo,,2,20,2,0,0.0,300.0,15.0,8.0,0.37386566666666765
ppo,,2,20,2,1,1.0,12.0,22.0,12.0,0.4261166666666612
ppo,,2,20,2,2,0.0,300.0,6.0,3.0,0.371190333333334
ppo,,2,20,2,3,0.0,300.0,17.0,10.0,0.360466
ppo,,2,20,2,4,1.0,7.0,14.0,7.0,0.48680000000000945
ppo,,2,20,2,5,1.0,7.0,14.0,7.0,0.46761428571429065
ppo,,2,20,2,6,1.0,4.0,8.0,4.0,0.7056500000000021
ppo,,2,20,2,7,1.0,7.0,13.0,7.0,0.4467857142856754
ppo,,2,20,2,8,0.0,300.0,8.0,4.0,0.3607183333333334
ppo,,2,20,2,9,0.0,300.0,1.0,1.0,0.35963900000000193
ppo,,2,20,2,10,1.0,3.0,4.0,3.0,0.5499666666667716
ppo,,2,20,2,11,1.0,2.0,4.0,2.0,0.6396500000001026
ppo,,2,20,2,12,1.0,11.0,13.0,11.0,0.4267545454545188
ppo,,2,20,2,13,0.0,300.0,10.0,7.0,0.3604946666666672
ppo,,2,20,2,14,1.0,9.0,14.0,9.0,0.4613000000000472
ppo,,2,20,2,15,0.0,300.0,1.0,1.0,0.36265866666666646
ppo,,2,20,2,16,1.0,4.0,8.0,4.0,0.5247250000000037
ppo,,2,20,2,17,1.0,5.0,10.0,5.0,0.48448000000007596
ppo,,2,20,2,18,1.0,5.0,10.0,5.0,0.4380199999999945
ppo,,2,20,2,19,1.0,1.0,2.0,1.0,0.8881000000000583
ppo,,3,20,0,0,0.0,300.0,309.0,296.0,0.39787099999999853
astar,median,3,20,-1,0,True,21,20,18,
astar,component,3,20,-1,0,True,51,53,25,
astar,bbox,3,20,-1,0,True,14,30,10,
ppo,,3,20,0,1,0.0,300.0,25.0,14.0,0.403780333333333
astar,median,3,20,-1,1,True,12,29,11,
astar,component,3,20,-1,1,True,28,55,23,
astar,bbox,3,20,-1,1,True,27,31,15,
ppo,,3,20,0,2,0.0,300.0,7.0,3.0,0.40439000000000114
astar,median,3,20,-1,2,True,37,20,15,
astar,component,3,20,-1,2,True,56,32,21,
astar,bbox,3,20,-1,2,True,16,18,12,
ppo,,3,20,0,3,0.0,300.0,306.0,300.0,0.39931600000000067
astar,median,3,20,-1,3,True,11,22,11,
astar,component,3,20,-1,3,True,18,32,13,
astar,bbox,3,20,-1,3,True,27,38,14,
ppo,,3,20,0,4,0.0,300.0,306.0,300.0,0.41111766666666644
astar,median,3,20,-1,4,True,15,17,15,
astar,component,3,20,-1,4,True,24,45,21,
astar,bbox,3,20,-1,4,True,20,28,10,
ppo,,3,20,0,5,1.0,9.0,22.0,9.0,0.49457777777778883
astar,median,3,20,-1,5,True,13,18,9,
astar,component,3,20,-1,5,True,21,36,14,
astar,bbox,3,20,-1,5,True,11,20,7,
ppo,,3,20,0,6,0.0,300.0,24.0,12.0,0.40566366666666615
astar,median,3,20,-1,6,True,29,28,26,
astar,component,3,20,-1,6,True,43,87,29,
astar,bbox,3,20,-1,6,True,15,42,15,
ppo,,3,20,0,7,0.0,300.0,4.0,4.0,0.4106626666666665
astar,median,3,20,-1,7,True,17,19,11,
astar,component,3,20,-1,7,True,17,27,11,
astar,bbox,3,20,-1,7,True,39,29,13,
ppo,,3,20,0,8,0.0,300.0,7.0,3.0,0.4079599999999998
astar,median,3,20,-1,8,True,12,18,9,
astar,component,3,20,-1,8,True,21,34,15,
astar,bbox,3,20,-1,8,True,7,21,7,
ppo,,3,20,0,9,0.0,300.0,7.0,4.0,0.4125033333333346
astar,median,3,20,-1,9,True,39,13,8,
astar,component,3,20,-1,9,True,31,25,10,
astar,bbox,3,20,-1,9,True,18,18,8,
ppo,,3,20,0,10,0.0,300.0,14.0,10.0,0.41577500000000117
astar,median,3,20,-1,10,True,8,13,8,
astar,component,3,20,-1,10,True,13,27,12,
astar,bbox,3,20,-1,10,True,7,18,7,
ppo,,3,20,0,11,1.0,5.0,10.0,5.0,0.5301199999999895
astar,median,3,20,-1,11,True,5,10,5,
astar,component,3,20,-1,11,True,5,10,5,
astar,bbox,3,20,-1,11,True,5,13,5,
ppo,,3,20,0,12,0.0,300.0,17.0,11.0,0.41875600000000013
astar,median,3,20,-1,12,True,19,22,13,
astar,component,3,20,-1,12,True,25,32,17,
astar,bbox,3,20,-1,12,True,38,37,14,
ppo,,3,20,0,13,0.0,300.0,8.0,5.0,0.4121263333333343
astar,median,3,20,-1,13,True,22,30,16,
astar,component,3,20,-1,13,True,19,44,18,
astar,bbox,3,20,-1,13,True,18,38,14,
ppo,,3,20,0,14,0.0,300.0,17.0,12.0,0.41181733333333226
astar,median,3,20,-1,14,True,23,22,17,
astar,component,3,20,-1,14,True,22,42,17,
astar,bbox,3,20,-1,14,True,34,36,13,
ppo,,3,20,0,15,0.0,300.0,3.0,3.0,0.41580133333333436
astar,median,3,20,-1,15,True,16,23,14,
astar,component,3,20,-1,15,True,21,42,21,
astar,bbox,3,20,-1,15,True,9,25,9,
ppo,,3,20,0,16,1.0,8.0,10.0,8.0,0.480812499999983
astar,median,3,20,-1,16,True,5,9,5,
astar,component,3,20,-1,16,True,6,10,6,
astar,bbox,3,20,-1,16,True,4,12,4,
ppo,,3,20,0,17,1.0,5.0,12.0,5.0,0.5295000000000272
astar,median,3,20,-1,17,True,5,9,5,
astar,component,3,20,-1,17,True,8,17,7,
astar,bbox,3,20,-1,17,True,5,11,5,
ppo,,3,20,0,18,0.0,300.0,21.0,10.0,0.41274199999999855
astar,median,3,20,-1,18,True,9,18,9,
astar,component,3,20,-1,18,True,21,33,12,
astar,bbox,3,20,-1,18,True,32,36,15,
ppo,,3,20,0,19,0.0,300.0,20.0,9.0,0.4271409999999983
astar,median,3,20,-1,19,True,18,21,18,
astar,component,3,20,-1,19,True,36,66,29,
astar,bbox,3,20,-1,19,True,45,33,13,
ppo,,3,20,1,0,0.0,300.0,17.0,9.0,0.4047859999999985
ppo,,3,20,1,1,0.0,300.0,19.0,9.0,0.41909866666666556
ppo,,3,20,1,2,0.0,300.0,7.0,3.0,0.4040776666666683
ppo,,3,20,1,3,0.0,300.0,27.0,16.0,0.4063149999999993
ppo,,3,20,1,4,0.0,300.0,12.0,6.0,0.4093453333333308
ppo,,3,20,1,5,0.0,300.0,309.0,292.0,0.4235553333333364
ppo,,3,20,1,6,0.0,300.0,24.0,12.0,0.408882333333338
ppo,,3,20,1,7,0.0,300.0,3.0,3.0,0.4123733333333372
ppo,,3,20,1,8,0.0,300.0,19.0,11.0,0.4086253333333308
ppo,,3,20,1,9,0.0,300.0,9.0,5.0,0.4087260000000015
ppo,,3,20,1,10,0.0,300.0,18.0,8.0,0.404544333333335
ppo,,3,20,1,11,1.0,5.0,14.0,5.0,0.5355999999999028
ppo,,3,20,1,12,0.0,300.0,11.0,8.0,0.4104723333333382
ppo,,3,20,1,13,0.0,300.0,24.0,20.0,0.40431233333332983
ppo,,3,20,1,14,0.0,300.0,19.0,10.0,0.42019433333333467
ppo,,3,20,1,15,0.0,300.0,0.0,0.0,0.42474333333332837
ppo,,3,20,1,16,1.0,7.0,11.0,7.0,0.5437285714286081
ppo,,3,20,1,17,0.0,300.0,8.0,4.0,0.424722666666663
ppo,,3,20,1,18,0.0,300.0,21.0,10.0,0.4124013333333328
ppo,,3,20,1,19,0.0,300.0,22.0,12.0,0.41440066666666553
ppo,,3,20,2,0,0.0,300.0,13.0,7.0,0.40403866666666843
ppo,,3,20,2,1,0.0,300.0,26.0,15.0,0.40779099999999957
ppo,,3,20,2,2,0.0,300.0,5.0,3.0,0.4094810000000019
ppo,,3,20,2,3,0.0,300.0,16.0,10.0,0.40393266666666133
ppo,,3,20,2,4,0.0,300.0,310.0,300.0,0.4055943333333367
ppo,,3,20,2,5,0.0,300.0,8.0,6.0,0.4054386666666687
ppo,,3,20,2,6,0.0,300.0,49.0,23.0,0.4042200000000011
ppo,,3,20,2,7,0.0,300.0,3.0,3.0,0.40869000000000116
ppo,,3,20,2,8,0.0,300.0,6.0,2.0,0.40128566666666643
ppo,,3,20,2,9,1.0,9.0,13.0,9.0,0.4608444444443983
ppo,,3,20,2,10,1.0,6.0,18.0,6.0,0.471283333333498
ppo,,3,20,2,11,0.0,300.0,5.0,4.0,0.3977973333333355
ppo,,3,20,2,12,0.0,300.0,18.0,12.0,0.3904933333333342
ppo,,3,20,2,13,0.0,300.0,16.0,10.0,0.39174866666666475
ppo,,3,20,2,14,0.0,300.0,14.0,7.0,0.394712333333338
ppo,,3,20,2,15,0.0,300.0,300.0,300.0,0.39534966666667043
ppo,,3,20,2,16,1.0,5.0,7.0,5.0,0.583040000000068
ppo,,3,20,2,17,1.0,7.0,13.0,7.0,0.5023000000000825
ppo,,3,20,2,18,0.0,300.0,21.0,10.0,0.3911840000000015
ppo,,3,20,2,19,0.0,300.0,29.0,11.0,0.3989049999999968
ppo,,4,20,0,0,0.0,300.0,18.0,8.0,0.4522049999999981
astar,median,4,20,-1,0,True,91,51,25,
astar,component,4,20,-1,0,True,61,50,20,
astar,bbox,4,20,-1,0,True,33,32,10,
ppo,,4,20,0,1,0.0,300.0,27.0,14.0,0.45490566666666515
astar,median,4,20,-1,1,True,20,38,20,
astar,component,4,20,-1,1,True,20,58,18,
astar,bbox,4,20,-1,1,True,12,35,12,
ppo,,4,20,0,2,0.0,300.0,13.0,5.0,0.4546799999999962
astar,median,4,20,-1,2,True,14,17,12,
astar,component,4,20,-1,2,True,14,17,12,
astar,bbox,4,20,-1,2,True,38,31,12,
ppo,,4,20,0,3,0.0,300.0,36.0,12.0,0.449427
astar,median,4,20,-1,3,True,18,35,12,
astar,component,4,20,-1,3,True,87,107,30,
astar,bbox,4,20,-1,3,True,92,62,20,
ppo,,4,20,0,4,0.0,300.0,324.0,300.0,0.4523146666666615
astar,median,4,20,-1,4,True,69,44,17,
astar,component,4,20,-1,4,True,18,55,15,
astar,bbox,4,20,-1,4,True,32,50,16,
ppo,,4,20,0,5,0.0,300.0,608.0,300.0,0.4545756666666634
astar,median,4,20,-1,5,True,15,32,12,
astar,component,4,20,-1,5,True,102,81,22,
astar,bbox,4,20,-1,5,True,16,38,13,
ppo,,4,20,0,6,0.0,300.0,620.0,300.0,0.4565716666666653
astar,median,4,20,-1,6,True,19,46,13,
astar,component,4,20,-1,6,True,30,78,21,
astar,bbox,4,20,-1,6,True,17,54,17,
ppo,,4,20,0,7,0.0,300.0,7.0,3.0,0.45266299999999754
astar,median,4,20,-1,7,True,42,27,12,
astar,component,4,20,-1,7,True,12,25,11,
astar,bbox,4,20,-1,7,True,69,43,13,
ppo,,4,20,0,8,0.0,300.0,35.0,14.0,0.4582280000000043
astar,median,4,20,-1,8,True,55,29,13,
astar,component,4,20,-1,8,True,28,46,16,
astar,bbox,4,20,-1,8,True,12,28,9,
ppo,,4,20,0,9,0.0,300.0,41.0,16.0,0.4516963333333379
astar,median,4,20,-1,9,True,30,26,9,
astar,component,4,20,-1,9,True,23,32,11,
astar,bbox,4,20,-1,9,True,8,26,8,
ppo,,4,20,0,10,0.0,300.0,14.0,8.0,0.4517613333333336
astar,median,4,20,-1,10,True,6,18,6,
astar,component,4,20,-1,10,True,32,44,22,
astar,bbox,4,20,-1,10,True,12,30,12,
ppo,,4,20,0,11,0.0,300.0,318.0,296.0,0.451166333333332
astar,median,4,20,-1,11,True,11,23,11,
astar,component,4,20,-1,11,True,11,34,10,
astar,bbox,4,20,-1,11,True,205,94,41,
ppo,,4,20,0,12,0.0,300.0,28.0,13.0,0.45621533333333036
astar,median,4,20,-1,12,True,34,34,12,
astar,component,4,20,-1,12,True,18,39,13,
astar,bbox,4,20,-1,12,True,104,56,18,
ppo,,4,20,0,13,0.0,300.0,4.0,3.0,0.45100333333333364
astar,median,4,20,-1,13,False,300,121,66,
astar,component,4,20,-1,13,True,150,222,68,
astar,bbox,4,20,-1,13,True,190,82,30,
ppo,,4,20,0,14,0.0,300.0,316.0,300.0,0.44466866666666627
astar,median,4,20,-1,14,True,12,34,10,
astar,component,4,20,-1,14,True,29,88,23,
astar,bbox,4,20,-1,14,True,24,44,11,
ppo,,4,20,0,15,0.0,300.0,9.0,7.0,0.4411160000000022
astar,median,4,20,-1,15,True,16,31,12,
astar,component,4,20,-1,15,True,20,54,17,
astar,bbox,4,20,-1,15,True,16,52,16,
ppo,,4,20,0,16,1.0,13.0,43.0,13.0,0.5382384615385624
astar,median,4,20,-1,16,True,4,14,4,
astar,component,4,20,-1,16,True,8,22,8,
astar,bbox,4,20,-1,16,True,4,14,4,
ppo,,4,20,0,17,0.0,300.0,22.0,11.0,0.441651666666664
astar,median,4,20,-1,17,True,38,43,32,
astar,component,4,20,-1,17,True,22,57,22,
astar,bbox,4,20,-1,17,True,13,46,13,
ppo,,4,20,0,18,0.0,300.0,309.0,298.0,0.44703866666666886
astar,median,4,20,-1,18,True,45,32,15,
astar,component,4,20,-1,18,True,88,53,17,
astar,bbox,4,20,-1,18,True,135,64,21,
ppo,,4,20,0,19,0.0,300.0,30.0,11.0,0.4560279999999987
astar,median,4,20,-1,19,True,67,58,17,
astar,component,4,20,-1,19,True,160,204,53,
astar,bbox,4,20,-1,19,True,47,64,17,
ppo,,4,20,1,0,0.0,300.0,26.0,8.0,0.4535813333333334
ppo,,4,20,1,1,0.0,300.0,328.0,294.0,0.4527486666666647
ppo,,4,20,1,2,0.0,300.0,5.0,3.0,0.4450053333333356
ppo,,4,20,1,3,0.0,300.0,24.0,13.0,0.4387359999999952
ppo,,4,20,1,4,0.0,300.0,26.0,18.0,0.4523456666666626
ppo,,4,20,1,5,0.0,300.0,11.0,5.0,0.43922433333333893
ppo,,4,20,1,6,0.0,300.0,31.0,12.0,0.4401340000000016
ppo,,4,20,1,7,0.0,300.0,3.0,2.0,0.4376529999999985
ppo,,4,20,1,8,0.0,300.0,13.0,4.0,0.4395109999999984
ppo,,4,20,1,9,1.0,9.0,22.0,9.0,0.5159222222219897
ppo,,4,20,1,10,0.0,300.0,302.0,300.0,0.44040966666666276
ppo,,4,20,1,11,1.0,11.0,30.0,11.0,0.49346363636360024
ppo,,4,20,1,12,0.0,300.0,14.0,7.0,0.43211466666666826
ppo,,4,20,1,13,0.0,300.0,14.0,6.0,0.44251200000000307
ppo,,4,20,1,14,0.0,300.0,41.0,15.0,0.4413860000000014
ppo,,4,20,1,15,0.0,300.0,14.0,12.0,0.44252366666666393
ppo,,4,20,1,16,1.0,6.0,13.0,6.0,0.5317833333329247
ppo,,4,20,1,17,0.0,300.0,21.0,11.0,0.4361730000000108
ppo,,4,20,1,18,1.0,13.0,39.0,13.0,0.4713307692307139
ppo,,4,20,1,19,0.0,300.0,21.0,7.0,0.4285670000000034
ppo,,4,20,2,0,0.0,300.0,12.0,8.0,0.4402656666666734
ppo,,4,20,2,1,0.0,300.0,30.0,14.0,0.43668266666666494
ppo,,4,20,2,2,0.0,300.0,311.0,300.0,0.4441170000000009
ppo,,4,20,2,3,0.0,300.0,27.0,10.0,0.42949000000000126
ppo,,4,20,2,4,0.0,300.0,28.0,14.0,0.4349713333333227
ppo,,4,20,2,5,0.0,300.0,315.0,295.0,0.4402156666666694
ppo,,4,20,2,6,0.0,300.0,333.0,291.0,0.44585000000000247
ppo,,4,20,2,7,0.0,300.0,312.0,297.0,0.45457166666667587
ppo,,4,20,2,8,0.0,300.0,29.0,12.0,0.4574099999999959
ppo,,4,20,2,9,1.0,7.0,22.0,7.0,0.5313714285714509
ppo,,4,20,2,10,0.0,300.0,22.0,11.0,0.4575050000000047
ppo,,4,20,2,11,0.0,300.0,16.0,10.0,0.4489376666666682
ppo,,4,20,2,12,0.0,300.0,25.0,9.0,0.4536933333333337
ppo,,4,20,2,13,0.0,300.0,12.0,8.0,0.4497726666666561
ppo,,4,20,2,14,0.0,300.0,28.0,9.0,0.44680533333333255
ppo,,4,20,2,15,0.0,300.0,28.0,11.0,0.44678700000001
ppo,,4,20,2,16,0.0,300.0,19.0,8.0,0.4539959999999965
ppo,,4,20,2,17,0.0,300.0,13.0,7.0,0.4515430000000009
ppo,,4,20,2,18,0.0,300.0,20.0,8.0,0.4503320000000007
ppo,,4,20,2,19,0.0,300.0,318.0,300.0,0.4608560000000021
ppo,,5,20,0,0,0.0,300.0,30.0,9.0,0.5044716666666696
astar,median,5,20,-1,0,True,13,35,12,
astar,component,5,20,-1,0,True,106,82,23,
astar,bbox,5,20,-1,0,False,300,149,39,
ppo,,5,20,0,1,0.0,300.0,48.0,15.0,0.5074159999999969
astar,median,5,20,-1,1,True,12,38,12,
astar,component,5,20,-1,1,True,80,79,18,
astar,bbox,5,20,-1,1,True,44,52,12,
ppo,,5,20,0,2,0.0,300.0,30.0,8.0,0.4997539999999982
astar,median,5,20,-1,2,True,87,40,13,
astar,component,5,20,-1,2,True,198,168,36,
astar,bbox,5,20,-1,2,True,77,41,10,
ppo,,5,20,0,3,0.0,300.0,53.0,15.0,0.49183299999999264
astar,median,5,20,-1,3,True,27,59,17,
astar,component,5,20,-1,3,True,77,95,27,
astar,bbox,5,20,-1,3,True,87,66,17,
ppo,,5,20,0,4,0.0,300.0,52.0,15.0,0.5047033333333317
astar,median,5,20,-1,4,True,60,52,14,
astar,component,5,20,-1,4,True,16,50,11,
astar,bbox,5,20,-1,4,True,16,54,12,
ppo,,5,20,0,5,0.0,300.0,41.0,17.0,0.5051600000000059
astar,median,5,20,-1,5,True,14,31,11,
astar,component,5,20,-1,5,True,15,37,12,
astar,bbox,5,20,-1,5,True,16,44,13,
ppo,,5,20,0,6,0.0,300.0,30.0,16.0,0.4868136666666582
astar,median,5,20,-1,6,True,18,53,13,
astar,component,5,20,-1,6,True,90,107,26,
astar,bbox,5,20,-1,6,True,21,51,12,
ppo,,5,20,0,7,0.0,300.0,26.0,9.0,0.49425066666666834
astar,median,5,20,-1,7,True,61,26,11,
astar,component,5,20,-1,7,True,11,25,8,
astar,bbox,5,20,-1,7,True,27,39,12,
ppo,,5,20,0,8,0.0,300.0,30.0,10.0,0.5026870000000017
astar,median,5,20,-1,8,True,10,35,10,
astar,component,5,20,-1,8,True,44,84,22,
astar,bbox,5,20,-1,8,True,16,43,11,
ppo,,5,20,0,9,0.0,300.0,41.0,15.0,0.4752640000000004
astar,median,5,20,-1,9,True,44,48,17,
astar,component,5,20,-1,9,True,18,59,15,
astar,bbox,5,20,-1,9,True,23,44,13,
ppo,,5,20,0,10,0.0,300.0,323.0,300.0,0.5006976666666674
astar,median,5,20,-1,10,True,64,47,14,
astar,component,5,20,-1,10,True,23,64,17,
astar,bbox,5,20,-1,10,True,19,56,14,
ppo,,5,20,0,11,0.0,300.0,42.0,15.0,0.4946000000000102
astar,median,5,20,-1,11,True,46,51,16,
astar,component,5,20,-1,11,True,71,77,18,
astar,bbox,5,20,-1,11,True,14,51,14,
ppo,,5,20,0,12,0.0,300.0,27.0,12.0,0.48583233333333214
astar,median,5,20,-1,12,True,28,37,20,
astar,component,5,20,-1,12,True,65,63,21,
astar,bbox,5,20,-1,12,True,26,49,11,
ppo,,5,20,0,13,0.0,300.0,24.0,14.0,0.4802843333333347
astar,median,5,20,-1,13,True,88,65,23,
astar,component,5,20,-1,13,False,300,257,98,
astar,bbox,5,20,-1,13,True,81,66,15,
ppo,,5,20,0,14,0.0,300.0,331.0,300.0,0.5008000000000005
astar,median,5,20,-1,14,True,22,43,20,
astar,component,5,20,-1,14,True,33,118,31,
astar,bbox,5,20,-1,14,True,16,48,12,
ppo,,5,20,0,15,0.0,300.0,307.0,295.0,0.4932463333333222
astar,median,5,20,-1,15,True,13,32,13,
astar,component,5,20,-1,15,True,43,79,34,
astar,bbox,5,20,-1,15,True,90,78,18,
ppo,,5,20,0,16,0.0,300.0,13.0,8.0,0.4914406666666693
astar,median,5,20,-1,16,True,13,27,12,
astar,component,5,20,-1,16,True,14,32,13,
astar,bbox,5,20,-1,16,True,10,34,10,
ppo,,5,20,0,17,0.0,300.0,28.0,14.0,0.4897553333333349
astar,median,5,20,-1,17,True,16,51,15,
astar,component,5,20,-1,17,True,38,85,25,
astar,bbox,5,20,-1,17,True,88,69,17,
ppo,,5,20,0,18,0.0,300.0,50.0,16.0,0.47683133333334143
astar,median,5,20,-1,18,True,13,33,13,
astar,component,5,20,-1,18,True,12,41,12,
astar,bbox,5,20,-1,18,True,12,34,12,
ppo,,5,20,0,19,0.0,300.0,68.0,18.0,0.47324599999999606
astar,median,5,20,-1,19,True,72,65,19,
astar,component,5,20,-1,19,False,300,346,80,
astar,bbox,5,20,-1,19,True,169,93,26,
ppo,,5,20,1,0,0.0,300.0,323.0,299.0,0.49717633333333566
ppo,,5,20,1,1,0.0,300.0,17.0,9.0,0.489188666666666
ppo,,5,20,1,2,0.0,300.0,20.0,8.0,0.48326100000000594
ppo,,5,20,1,3,0.0,300.0,336.0,300.0,0.4961356666666698
ppo,,5,20,1,4,0.0,300.0,25.0,11.0,0.4742510000000048
ppo,,5,20,1,5,0.0,300.0,19.0,7.0,0.4653513333333237
ppo,,5,20,1,6,0.0,300.0,629.0,300.0,0.4819566666666712
ppo,,5,20,1,7,0.0,300.0,26.0,13.0,0.4772176666666657
ppo,,5,20,1,8,0.0,300.0,321.0,297.0,0.47979033333332904
ppo,,5,20,1,9,0.0,300.0,62.0,18.0,0.4693589999999996
ppo,,5,20,1,10,0.0,300.0,41.0,10.0,0.4845640000000036
ppo,,5,20,1,11,0.0,300.0,344.0,289.0,0.5013856666666664
ppo,,5,20,1,12,0.0,300.0,321.0,300.0,0.4967883333333371
ppo,,5,20,1,13,0.0,300.0,20.0,12.0,0.49449500000000296
ppo,,5,20,1,14,0.0,300.0,48.0,15.0,0.49148733333333655
ppo,,5,20,1,15,0.0,300.0,55.0,17.0,0.4818693333333357
ppo,,5,20,1,16,0.0,300.0,19.0,10.0,0.4955366666666687
ppo,,5,20,1,17,0.0,300.0,628.0,300.0,0.4812773333333335
ppo,,5,20,1,18,0.0,300.0,40.0,11.0,0.47091566666665585
ppo,,5,20,1,19,0.0,300.0,351.0,300.0,0.4755053333333355
ppo,,5,20,2,0,0.0,300.0,327.0,298.0,0.478588000000002
ppo,,5,20,2,1,0.0,300.0,56.0,22.0,0.4751100000000008
ppo,,5,20,2,2,0.0,300.0,14.0,8.0,0.4768216666666684
ppo,,5,20,2,3,0.0,300.0,39.0,13.0,0.47896166666666556
ppo,,5,20,2,4,0.0,300.0,39.0,14.0,0.485092999999992
ppo,,5,20,2,5,0.0,300.0,313.0,298.0,0.47120066666667054
ppo,,5,20,2,6,0.0,300.0,39.0,16.0,0.46522099999999494
ppo,,5,20,2,7,1.0,12.0,51.0,12.0,0.5544250000000991
ppo,,5,20,2,8,0.0,300.0,31.0,13.0,0.46959799999999774
ppo,,5,20,2,9,0.0,300.0,33.0,15.0,0.4646019999999969
ppo,,5,20,2,10,0.0,300.0,613.0,296.0,0.476243666666664
ppo,,5,20,2,11,0.0,300.0,312.0,300.0,0.47186533333333597
ppo,,5,20,2,12,0.0,300.0,321.0,299.0,0.4688493333333336
ppo,,5,20,2,13,0.0,300.0,312.0,294.0,0.4867433333333319
ppo,,5,20,2,14,0.0,300.0,31.0,18.0,0.4750309999999895
ppo,,5,20,2,15,0.0,300.0,17.0,7.0,0.47017099999999107
ppo,,5,20,2,16,0.0,300.0,15.0,9.0,0.46894900000000445
ppo,,5,20,2,17,0.0,300.0,76.0,31.0,0.47180066666665965
ppo,,5,20,2,18,0.0,300.0,42.0,14.0,0.4776646666666669
ppo,,5,20,2,19,0.0,300.0,77.0,22.0,0.4754343333333348
ppo,,5,25,0,0,1.0,37.0,98.0,27.0,0.5062918918919518
astar,median,5,25,-1,0,True,11,26,11,
astar,component,5,25,-1,0,True,13,44,11,
astar,bbox,5,25,-1,0,True,9,34,9,
ppo,,5,25,0,1,1.0,20.0,52.0,20.0,0.5812000000000594
astar,median,5,25,-1,1,True,16,28,16,
astar,component,5,25,-1,1,True,23,40,21,
astar,bbox,5,25,-1,1,True,42,46,15,
ppo,,5,25,0,2,0.0,300.0,314.0,300.0,0.4911446666666682
astar,median,5,25,-1,2,True,12,41,12,
astar,component,5,25,-1,2,True,17,75,17,
astar,bbox,5,25,-1,2,True,167,105,24,
ppo,,5,25,0,3,0.0,300.0,312.0,300.0,0.4894586666666593
astar,median,5,25,-1,3,True,21,62,21,
astar,component,5,25,-1,3,True,240,265,59,
astar,bbox,5,25,-1,3,True,36,105,26,
ppo,,5,25,0,4,0.0,300.0,46.0,16.0,0.4857760000000037
astar,median,5,25,-1,4,True,16,35,15,
astar,component,5,25,-1,4,True,13,50,12,
astar,bbox,5,25,-1,4,True,17,49,14,
ppo,,5,25,0,5,0.0,300.0,52.0,22.0,0.47967999999999716
astar,median,5,25,-1,5,True,148,98,25,
astar,component,5,25,-1,5,True,231,205,60,
astar,bbox,5,25,-1,5,True,21,71,19,
ppo,,5,25,0,6,0.0,300.0,34.0,11.0,0.4866713333333313
astar,median,5,25,-1,6,True,181,125,29,
astar,component,5,25,-1,6,True,48,97,22,
astar,bbox,5,25,-1,6,True,17,67,16,
ppo,,5,25,0,7,0.0,300.0,19.0,7.0,0.5171276666666694
astar,median,5,25,-1,7,True,41,57,21,
astar,component,5,25,-1,7,True,25,81,23,
astar,bbox,5,25,-1,7,True,18,58,18,
ppo,,5,25,0,8,0.0,300.0,52.0,18.0,0.5041306666666637
astar,median,5,25,-1,8,True,15,45,15,
astar,component,5,25,-1,8,True,16,57,16,
astar,bbox,5,25,-1,8,True,13,48,13,
ppo,,5,25,0,9,0.0,300.0,337.0,300.0,0.5053046666666697
astar,median,5,25,-1,9,True,54,78,24,
astar,component,5,25,-1,9,True,40,160,35,
astar,bbox,5,25,-1,9,True,77,89,24,
ppo,,5,25,0,10,0.0,300.0,329.0,300.0,0.6394676666666635
astar,median,5,25,-1,10,True,20,33,13,
astar,component,5,25,-1,10,True,14,46,13,
astar,bbox,5,25,-1,10,True,21,51,15,
ppo,,5,25,0,11,0.0,300.0,317.0,300.0,0.5719390000000028
astar,median,5,25,-1,11,True,15,34,13,
astar,component,5,25,-1,11,True,46,61,14,
astar,bbox,5,25,-1,11,True,74,66,15,
ppo,,5,25,0,12,0.0,300.0,60.0,27.0,0.5317120000000012
astar,median,5,25,-1,12,True,17,61,16,
astar,component,5,25,-1,12,True,30,102,29,
astar,bbox,5,25,-1,12,True,48,98,23,
ppo,,5,25,0,13,0.0,300.0,55.0,15.0,0.5227023333333373
astar,median,5,25,-1,13,True,21,59,21,
astar,component,5,25,-1,13,True,59,103,26,
astar,bbox,5,25,-1,13,True,19,79,19,
ppo,,5,25,0,14,0.0,300.0,21.0,10.0,0.5068490000000025
astar,median,5,25,-1,14,True,15,40,15,
astar,component,5,25,-1,14,True,15,47,15,
astar,bbox,5,25,-1,14,True,12,47,12,
ppo,,5,25,0,15,0.0,300.0,333.0,300.0,0.507222666666666
astar,median,5,25,-1,15,True,23,59,23,
astar,component,5,25,-1,15,True,33,98,28,
astar,bbox,5,25,-1,15,True,18,72,18,
ppo,,5,25,0,16,0.0,300.0,331.0,300.0,0.5190013333333354
astar,median,5,25,-1,16,True,24,46,24,
astar,component,5,25,-1,16,True,49,80,27,
astar,bbox,5,25,-1,16,True,18,74,17,
ppo,,5,25,0,17,0.0,300.0,14.0,7.0,0.5127136666666606
astar,median,5,25,-1,17,True,22,54,22,
astar,component,5,25,-1,17,True,24,96,24,
astar,bbox,5,25,-1,17,True,17,63,17,
ppo,,5,25,0,18,0.0,300.0,320.0,298.0,0.5173100000000019
astar,median,5,25,-1,18,True,23,51,19,
astar,component,5,25,-1,18,True,57,90,22,
astar,bbox,5,25,-1,18,True,18,53,14,
ppo,,5,25,0,19,0.0,300.0,618.0,300.0,0.5103649999999978
astar,median,5,25,-1,19,True,24,54,24,
astar,component,5,25,-1,19,True,24,86,19,
astar,bbox,5,25,-1,19,True,20,85,20,
ppo,,5,25,1,0,1.0,18.0,51.0,17.0,0.5718611111112814
ppo,,5,25,1,1,0.0,300.0,325.0,294.0,0.5141409999999998
ppo,,5,25,1,2,0.0,300.0,311.0,291.0,0.49982766666666123
ppo,,5,25,1,3,0.0,300.0,25.0,14.0,0.5104373333333475
ppo,,5,25,1,4,0.0,300.0,17.0,11.0,0.5074813333333358
ppo,,5,25,1,5,0.0,300.0,30.0,10.0,0.5148773333333404
ppo,,5,25,1,6,0.0,300.0,313.0,300.0,0.512528666666654
ppo,,5,25,1,7,0.0,300.0,326.0,292.0,0.5064820000000007
ppo,,5,25,1,8,1.0,20.0,60.0,20.0,0.5341749999999479
ppo,,5,25,1,9,0.0,300.0,628.0,300.0,0.5082246666666634
ppo,,5,25,1,10,0.0,300.0,22.0,7.0,0.509595333333337
ppo,,5,25,1,11,0.0,300.0,25.0,6.0,0.5018646666666626
ppo,,5,25,1,12,0.0,300.0,37.0,16.0,0.5130960000000092
ppo,,5,25,1,13,0.0,300.0,82.0,22.0,0.5024346666666683
ppo,,5,25,1,14,0.0,300.0,330.0,300.0,0.504967333333326
ppo,,5,25,1,15,1.0,27.0,88.0,22.0,0.5382148148148266
ppo,,5,25,1,16,0.0,300.0,52.0,23.0,0.5021323333333308
ppo,,5,25,1,17,0.0,300.0,310.0,300.0,0.502804000000007
ppo,,5,25,1,18,0.0,300.0,41.0,16.0,0.5101709999999807
ppo,,5,25,1,19,0.0,300.0,54.0,17.0,0.5071983333333444
ppo,,5,25,2,0,0.0,300.0,41.0,17.0,0.511588000000008
ppo,,5,25,2,1,0.0,300.0,39.0,18.0,0.5122156666666674
ppo,,5,25,2,2,0.0,300.0,29.0,13.0,0.5088069999999808
ppo,,5,25,2,3,0.0,300.0,17.0,12.0,0.5051050000000146
ppo,,5,25,2,4,0.0,300.0,19.0,8.0,0.5050483333333252
ppo,,5,25,2,5,0.0,300.0,13.0,6.0,0.508243333333335
ppo,,5,25,2,6,0.0,300.0,18.0,9.0,0.5173220000000119
ppo,,5,25,2,7,0.0,300.0,318.0,298.0,0.5137283333333423
ppo,,5,25,2,8,0.0,300.0,55.0,17.0,0.5176070000000029
ppo,,5,25,2,9,0.0,300.0,42.0,16.0,0.5005526666666545
ppo,,5,25,2,10,0.0,300.0,10.0,4.0,0.5055773333333491
ppo,,5,25,2,11,0.0,300.0,43.0,13.0,0.5014033333333145
ppo,,5,25,2,12,0.0,300.0,61.0,20.0,0.518224000000013
ppo,,5,25,2,13,1.0,28.0,77.0,22.0,0.562850000000178
ppo,,5,25,2,14,0.0,300.0,309.0,300.0,0.5150306666666656
ppo,,5,25,2,15,0.0,300.0,317.0,290.0,0.517113000000009
ppo,,5,25,2,16,0.0,300.0,344.0,300.0,0.5191820000000055
ppo,,5,25,2,17,0.0,300.0,38.0,10.0,0.5180886666666614
ppo,,5,25,2,18,0.0,300.0,43.0,13.0,0.5182996666666639
ppo,,5,25,2,19,1.0,23.0,91.0,23.0,0.5427608695652986
