level,seed,method,success,steps,total_distance,n_valid_squares,obstacle_cells
sparse,20000,ppo,0.8888888888888888,124.88888888888889,246.11111111111111,201,16
sparse,20000,frontier,1.0,10.0,37.0,201,16
sparse,20001,ppo,1.0,70.88888888888889,152.33333333333334,186,17
sparse,20001,frontier,1.0,7.0,27.0,186,17
sparse,20002,ppo,1.0,66.77777777777777,142.11111111111111,198,14
sparse,20002,frontier,0.0,300.0,47.0,198,14
sparse,20003,ppo,1.0,30.22222222222222,74.11111111111111,187,19
sparse,20003,frontier,1.0,10.0,40.0,187,19
sparse,20004,ppo,1.0,77.44444444444444,156.88888888888889,183,18
sparse,20004,frontier,0.0,300.0,52.0,183,18
sparse,20005,ppo,1.0,56.55555555555556,122.0,174,19
sparse,20005,frontier,1.0,32.0,114.0,174,19
sparse,20006,ppo,1.0,54.666666666666664,94.22222222222223,201,19
sparse,20006,frontier,1.0,6.0,24.0,201,19
sparse,20007,ppo,1.0,42.55555555555556,109.55555555555556,178,17
sparse,20007,frontier,1.0,19.0,73.0,178,17
sparse,20008,ppo,1.0,33.22222222222222,83.66666666666667,173,16
sparse,20008,frontier,0.0,300.0,42.0,173,16
sparse,20009,ppo,1.0,98.22222222222223,214.33333333333334,178,21
sparse,20009,frontier,1.0,36.0,138.0,178,21
sparse,20010,ppo,1.0,21.88888888888889,60.666666666666664,209,12
sparse,20010,frontier,1.0,7.0,25.0,209,12
sparse,20011,ppo,1.0,17.22222222222222,43.55555555555556,200,14
sparse,20011,frontier,1.0,5.0,18.0,200,14
sparse,20012,ppo,1.0,36.333333333333336,103.22222222222223,218,15
sparse,20012,frontier,1.0,14.0,53.0,218,15
sparse,20013,ppo,1.0,26.0,67.0,169,16
sparse,20013,frontier,0.0,300.0,34.0,169,16
sparse,20014,ppo,1.0,35.333333333333336,84.22222222222223,180,16
sparse,20014,frontier,0.0,300.0,42.0,180,16
sparse,20015,ppo,1.0,31.333333333333332,80.33333333333333,174,19
sparse,20015,frontier,1.0,13.0,46.0,174,19
sparse,20016,ppo,1.0,35.22222222222222,72.77777777777777,193,14
sparse,20016,frontier,1.0,7.0,24.0,193,14
sparse,20017,ppo,1.0,55.111111111111114,117.88888888888889,186,17
sparse,20017,frontier,1.0,14.0,38.0,186,17
sparse,20018,ppo,0.8888888888888888,58.666666666666664,121.33333333333333,171,19
sparse,20018,frontier,1.0,9.0,36.0,171,19
sparse,20019,ppo,1.0,48.0,122.88888888888889,184,22
sparse,20019,frontier,1.0,11.0,44.0,184,22
baseline,20000,ppo,0.8888888888888888,129.11111111111111,251.77777777777777,178,30
baseline,20000,frontier,1.0,17.0,65.0,178,30
baseline,20001,ppo,1.0,57.666666666666664,117.22222222222223,160,35
baseline,20001,frontier,1.0,10.0,37.0,160,35
baseline,20002,ppo,1.0,89.33333333333333,171.22222222222223,176,23
baseline,20002,frontier,1.0,22.0,71.0,176,23
baseline,20003,ppo,0.8888888888888888,119.0,222.0,158,36
baseline,20003,frontier,0.0,300.0,72.0,158,36
baseline,20004,ppo,1.0,114.77777777777777,195.88888888888889,178,23
baseline,20004,frontier,1.0,12.0,46.0,178,23
baseline,20005,ppo,1.0,89.22222222222223,164.33333333333334,167,20
baseline,20005,frontier,1.0,27.0,100.0,167,20
baseline,20006,ppo,1.0,14.0,38.0,185,31
baseline,20006,frontier,1.0,6.0,16.0,185,31
baseline,20007,ppo,1.0,17.666666666666668,44.333333333333336,165,30
baseline,20007,frontier,1.0,8.0,29.0,165,30
baseline,20008,ppo,1.0,27.11111111111111,70.11111111111111,161,29
baseline,20008,frontier,0.0,300.0,21.0,161,29
baseline,20009,ppo,1.0,132.77777777777777,197.44444444444446,175,29
baseline,20009,frontier,0.0,300.0,15.0,175,29
baseline,20010,ppo,1.0,49.0,107.0,183,21
baseline,20010,frontier,1.0,11.0,25.0,183,21
baseline,20011,ppo,1.0,22.444444444444443,62.77777777777778,179,25
baseline,20011,frontier,1.0,10.0,31.0,179,25
baseline,20012,ppo,1.0,23.11111111111111,63.333333333333336,173,36
baseline,20012,frontier,1.0,7.0,24.0,173,36
baseline,20013,ppo,1.0,94.11111111111111,172.0,165,34
baseline,20013,frontier,1.0,9.0,31.0,165,34
baseline,20014,ppo,1.0,44.44444444444444,98.66666666666667,137,36
baseline,20014,frontier,1.0,11.0,42.0,137,36
baseline,20015,ppo,1.0,102.55555555555556,199.44444444444446,168,25
baseline,20015,frontier,1.0,50.0,83.0,168,25
baseline,20016,ppo,1.0,49.666666666666664,87.77777777777777,141,32
baseline,20016,frontier,1.0,11.0,31.0,141,32
baseline,20017,ppo,1.0,110.55555555555556,202.77777777777777,169,29
baseline,20017,frontier,1.0,16.0,61.0,169,29
baseline,20018,ppo,0.5555555555555556,219.88888888888889,335.8888888888889,132,33
baseline,20018,frontier,0.0,300.0,89.0,132,33
baseline,20019,ppo,1.0,24.555555555555557,55.333333333333336,163,31
baseline,20019,frontier,1.0,7.0,21.0,163,31
large,20000,ppo,0.7777777777777778,136.66666666666666,270.0,160,50
large,20000,frontier,0.0,300.0,605.0,160,50
large,20001,ppo,0.7777777777777778,170.33333333333334,327.44444444444446,152,44
large,20001,frontier,0.0,300.0,105.0,152,44
large,20002,ppo,1.0,19.88888888888889,56.888888888888886,144,40
large,20002,frontier,1.0,11.0,37.0,144,40
large,20003,ppo,1.0,23.77777777777778,70.22222222222223,154,43
large,20003,frontier,1.0,12.0,46.0,154,43
large,20004,ppo,0.8888888888888888,77.11111111111111,116.66666666666667,129,55
large,20004,frontier,1.0,15.0,57.0,129,55
large,20005,ppo,0.7777777777777778,133.33333333333334,268.3333333333333,133,39
large,20005,frontier,1.0,25.0,89.0,133,39
large,20006,ppo,0.0,300.0,345.3333333333333,163,58
large,20006,frontier,0.0,300.0,68.0,163,58
large,20007,ppo,0.7777777777777778,140.22222222222223,236.88888888888889,142,44
large,20007,frontier,1.0,12.0,42.0,142,44
large,20008,ppo,0.7777777777777778,167.66666666666666,267.0,113,61
large,20008,frontier,0.0,300.0,126.0,113,61
large,20009,ppo,1.0,52.666666666666664,110.11111111111111,155,45
large,20009,frontier,1.0,8.0,26.0,155,45
large,20010,ppo,1.0,20.11111111111111,50.888888888888886,159,46
large,20010,frontier,1.0,10.0,40.0,159,46
large,20011,ppo,0.7777777777777778,137.66666666666666,241.55555555555554,152,44
large,20011,frontier,1.0,14.0,53.0,152,44
large,20012,ppo,0.6666666666666666,172.11111111111111,276.44444444444446,151,57
large,20012,frontier,1.0,10.0,36.0,151,57
large,20013,ppo,1.0,96.88888888888889,161.66666666666666,152,41
large,20013,frontier,1.0,17.0,67.0,152,41
large,20014,ppo,0.7777777777777778,160.77777777777777,270.1111111111111,107,54
large,20014,frontier,1.0,23.0,74.0,107,54
large,20015,ppo,1.0,41.44444444444444,91.44444444444444,140,45
large,20015,frontier,1.0,12.0,48.0,140,45
large,20016,ppo,0.6666666666666666,229.0,398.44444444444446,109,43
large,20016,frontier,0.0,300.0,84.0,109,43
large,20017,ppo,1.0,21.444444444444443,51.888888888888886,136,52
large,20017,frontier,1.0,5.0,17.0,136,52
large,20018,ppo,0.5555555555555556,250.77777777777777,376.1111111111111,123,58
large,20018,frontier,0.0,300.0,124.0,123,58
large,20019,ppo,1.0,53.666666666666664,117.22222222222223,137,49
large,20019,frontier,1.0,12.0,46.0,137,49
dense,20000,ppo,1.0,20.77777777777778,48.77777777777778,82,113
dense,20000,frontier,1.0,5.0,18.0,82,113
dense,20001,ppo,1.0,87.33333333333333,140.22222222222223,60,95
dense,20001,frontier,0.0,300.0,103.0,60,95
dense,20002,ppo,0.2222222222222222,280.1111111111111,390.1111111111111,71,125
dense,20002,frontier,0.0,300.0,26.0,71,125
dense,20003,ppo,0.7777777777777778,107.55555555555556,159.11111111111111,64,97
dense,20003,frontier,1.0,9.0,35.0,64,97
dense,20004,ppo,0.0,300.0,441.0,81,124
dense,20004,frontier,0.0,300.0,83.0,81,124
dense,20005,ppo,1.0,30.77777777777778,70.77777777777777,55,103
dense,20005,frontier,1.0,7.0,24.0,55,103
dense,20006,ppo,0.8888888888888888,105.11111111111111,164.0,83,109
dense,20006,frontier,0.0,300.0,40.0,83,109
dense,20007,ppo,0.3333333333333333,227.77777777777777,322.0,57,121
dense,20007,frontier,1.0,17.0,59.0,57,121
dense,20008,ppo,0.7777777777777778,196.33333333333334,372.8888888888889,58,104
dense,20008,frontier,0.0,300.0,39.0,58,104
dense,20009,ppo,0.1111111111111111,278.8888888888889,339.1111111111111,74,121
dense,20009,frontier,0.0,300.0,43.0,74,121
dense,20010,ppo,1.0,85.77777777777777,143.0,38,118
dense,20010,frontier,0.0,300.0,26.0,38,118
dense,20011,ppo,0.0,300.0,389.8888888888889,44,117
dense,20011,frontier,0.0,300.0,70.0,44,117
dense,20012,ppo,0.4444444444444444,233.44444444444446,386.8888888888889,81,105
dense,20012,frontier,1.0,12.0,46.0,81,105
dense,20013,ppo,0.2222222222222222,281.8888888888889,302.22222222222223,90,108
dense,20013,frontier,0.0,300.0,108.0,90,108
dense,20014,ppo,0.2222222222222222,270.55555555555554,371.8888888888889,53,123
dense,20014,frontier,0.0,300.0,46.0,53,123
dense,20015,ppo,0.8888888888888888,85.66666666666667,153.77777777777777,50,109
dense,20015,frontier,1.0,4.0,16.0,50,109
dense,20016,ppo,0.0,300.0,339.55555555555554,31,127
dense,20016,frontier,0.0,300.0,37.0,31,127
dense,20017,ppo,0.3333333333333333,252.66666666666666,358.8888888888889,46,98
dense,20017,frontier,1.0,44.0,125.0,46,98
dense,20018,ppo,0.0,300.0,348.22222222222223,40,116
dense,20018,frontier,0.0,300.0,161.0,40,116
dense,20019,ppo,0.0,300.0,278.0,37,130
dense,20019,frontier,0.0,300.0,32.0,37,130
