map_seed,m,n,method,variant,rollout,success,steps,total_distance,max_distance,jain,obs_collisions,revealed,per_robot_distances
10000,20,2,ppo,seed0,0,True,15,20,13,0.9174311926605505,2,0.175,"[7, 13]"
10000,20,2,ppo,seed0,1,True,15,21,12,0.98,4,0.1725,"[9, 12]"
10000,20,2,ppo,seed0,2,True,12,21,12,0.98,0,0.1825,"[12, 9]"
10000,20,2,ppo,seed0,3,True,16,22,13,0.968,3,0.18,"[13, 9]"
10000,20,2,ppo,seed0,4,True,17,25,13,0.9984025559105432,1,0.18,"[12, 13]"
10000,20,2,ppo,seed1,0,True,19,29,16,0.9894117647058823,0,0.2025,"[13, 16]"
10000,20,2,ppo,seed1,1,True,15,21,12,0.98,3,0.1725,"[9, 12]"
10000,20,2,ppo,seed1,2,True,11,18,11,0.9529411764705882,0,0.1725,"[11, 7]"
10000,20,2,ppo,seed1,3,True,10,16,8,1.0,2,0.165,"[8, 8]"
10000,20,2,ppo,seed1,4,True,19,26,13,1.0,6,0.18,"[13, 13]"
10000,20,2,ppo,seed2,0,True,38,52,26,1.0,4,0.2275,"[26, 26]"
10000,20,2,ppo,seed2,1,True,15,23,12,0.9981132075471698,1,0.175,"[11, 12]"
10000,20,2,ppo,seed2,2,True,11,19,11,0.9756756756756757,0,0.1725,"[11, 8]"
10000,20,2,ppo,seed2,3,True,12,19,11,0.9756756756756757,1,0.1725,"[11, 8]"
10000,20,2,ppo,seed2,4,True,14,22,12,0.9918032786885246,3,0.1775,"[12, 10]"
10000,20,2,frontier,danger,0,True,23,46,23,1.0,0,0.3125,"[23, 23]"
10000,20,2,frontier,no_danger,0,True,16,32,16,1.0,0,0.27,"[16, 16]"
10000,20,3,ppo,seed0,0,True,23,44,22,0.8673835125448028,0,0.2,"[8, 14, 22]"
10000,20,3,ppo,seed0,1,True,72,126,50,0.9807264640474426,29,0.2825,"[40, 36, 50]"
10000,20,3,ppo,seed0,2,True,15,31,13,0.9677744209466264,4,0.1925,"[9, 13, 9]"
10000,20,3,ppo,seed0,3,True,26,56,20,0.9955555555555555,4,0.2475,"[17, 19, 20]"
10000,20,3,ppo,seed0,4,True,22,40,17,0.9626955475330926,3,0.2125,"[11, 17, 12]"
10000,20,3,ppo,seed1,0,True,32,57,22,0.9872379216043756,4,0.215,"[18, 17, 22]"
10000,20,3,ppo,seed1,1,True,40,64,27,0.9494668521094112,9,0.25,"[22, 27, 15]"
10000,20,3,ppo,seed1,2,True,12,28,11,0.9824561403508771,0,0.1825,"[11, 8, 9]"
10000,20,3,ppo,seed1,3,True,61,112,41,0.9856985698569857,15,0.2775,"[41, 40, 31]"
10000,20,3,ppo,seed1,4,True,23,39,14,0.9883040935672515,8,0.2125,"[14, 11, 14]"
10000,20,3,ppo,seed2,0,True,23,49,17,0.9991677070328756,0,0.2175,"[16, 17, 16]"
10000,20,3,ppo,seed2,1,True,31,56,20,0.9955555555555555,7,0.2325,"[17, 20, 19]"
10000,20,3,ppo,seed2,2,True,24,44,16,0.983739837398374,7,0.225,"[16, 16, 12]"
10000,20,3,ppo,seed2,3,True,43,87,31,0.994481671265274,9,0.2775,"[26, 31, 30]"
10000,20,3,ppo,seed2,4,True,63,109,38,0.9958092364428799,11,0.35,"[38, 33, 38]"
10000,20,3,frontier,danger,0,False,300,119,53,0.8156788203444502,0,0.4425,"[13, 53, 53]"
10000,20,3,frontier,no_danger,0,False,300,66,23,0.9986244841815681,0,0.31,"[21, 22, 23]"
10000,20,4,ppo,seed0,0,True,36,96,29,0.9713322091062394,13,0.245,"[29, 27, 19, 21]"
10000,20,4,ppo,seed0,1,True,56,145,45,0.9692513368983957,24,0.2425,"[38, 45, 27, 35]"
10000,20,4,ppo,seed0,2,True,23,57,20,0.8650159744408946,9,0.2075,"[15, 20, 17, 5]"
10000,20,4,ppo,seed0,3,True,26,78,23,0.9518147684605757,0,0.2425,"[22, 21, 23, 12]"
10000,20,4,ppo,seed0,4,True,35,99,31,0.9773633825289191,11,0.225,"[24, 31, 23, 21]"
10000,20,4,ppo,seed1,0,True,21,50,17,0.9556574923547401,2,0.2125,"[12, 10, 17, 11]"
10000,20,4,ppo,seed1,1,True,48,99,29,0.9828519855595668,20,0.2275,"[26, 20, 24, 29]"
10000,20,4,ppo,seed1,2,True,16,37,12,0.9275067750677507,8,0.2,"[10, 10, 12, 5]"
10000,20,4,ppo,seed1,3,True,46,109,32,0.9838522689632329,11,0.2825,"[25, 29, 32, 23]"
10000,20,4,ppo,seed1,4,True,23,62,17,0.9886831275720165,2,0.185,"[15, 13, 17, 17]"
10000,20,4,ppo,seed2,0,True,31,72,23,0.9515418502202643,8,0.255,"[23, 12, 20, 17]"
10000,20,4,ppo,seed2,1,True,72,163,44,0.9953918777161697,21,0.26,"[43, 38, 38, 44]"
10000,20,4,ppo,seed2,2,True,17,32,13,0.8258064516129032,10,0.1975,"[5, 10, 13, 4]"
10000,20,4,ppo,seed2,3,True,25,72,22,0.962852897473997,0,0.26,"[14, 21, 22, 15]"
10000,20,4,ppo,seed2,4,True,66,145,45,0.971760029580329,13,0.2375,"[45, 34, 38, 28]"
10000,20,4,frontier,danger,0,True,80,114,80,0.47807533843437316,0,0.49,"[10, 14, 80, 10]"
10000,20,4,frontier,no_danger,0,False,300,31,11,0.8865313653136532,0,0.2025,"[5, 10, 11, 5]"
10000,20,5,ppo,seed0,0,True,77,241,57,0.977547757300345,4,0.405,"[48, 55, 44, 37, 57]"
10000,20,5,ppo,seed0,1,True,19,69,17,0.9806385169927909,0,0.3175,"[15, 13, 12, 12, 17]"
10000,20,5,ppo,seed0,2,True,44,147,32,0.9923765786452353,14,0.3325,"[32, 29, 25, 29, 32]"
10000,20,5,ppo,seed0,3,True,36,139,31,0.9860168410308752,6,0.3325,"[31, 27, 31, 28, 22]"
10000,20,5,ppo,seed0,4,True,37,113,26,0.9546915887850467,15,0.3025,"[26, 26, 13, 25, 23]"
10000,20,5,ppo,seed1,0,True,65,204,43,0.9977463438024454,19,0.3725,"[38, 42, 42, 39, 43]"
10000,20,5,ppo,seed1,1,True,39,133,33,0.9824493196334352,0,0.35,"[26, 22, 26, 33, 26]"
10000,20,5,ppo,seed1,2,True,24,81,20,0.9655629139072848,6,0.3225,"[18, 17, 15, 11, 20]"
10000,20,5,ppo,seed1,3,True,38,136,30,0.9949435180204411,5,0.33,"[28, 30, 27, 27, 24]"
10000,20,5,ppo,seed1,4,True,39,109,27,0.9433108376339817,25,0.3125,"[21, 26, 12, 23, 27]"
10000,20,5,ppo,seed2,0,True,89,271,59,0.9950680848181017,39,0.36,"[52, 56, 48, 56, 59]"
10000,20,5,ppo,seed2,1,True,43,141,32,0.9868950111690246,6,0.3425,"[30, 30, 23, 32, 26]"
10000,20,5,ppo,seed2,2,True,114,295,74,0.9807291373189835,34,0.3825,"[49, 74, 55, 58, 59]"
10000,20,5,ppo,seed2,3,True,100,343,75,0.9913545397092901,25,0.4225,"[71, 62, 60, 75, 75]"
10000,20,5,ppo,seed2,4,True,60,169,42,0.9244537951124777,36,0.3425,"[35, 39, 15, 38, 42]"
10000,20,5,frontier,danger,0,False,300,46,11,0.9841860465116279,0,0.27,"[10, 11, 8, 9, 8]"
10000,20,5,frontier,no_danger,0,False,300,45,11,0.9759036144578314,0,0.285,"[8, 9, 11, 7, 10]"
10001,20,2,ppo,seed0,0,True,20,27,15,0.9878048780487805,7,0.235,"[12, 15]"
10001,20,2,ppo,seed0,1,True,20,29,16,0.9894117647058823,0,0.2275,"[16, 13]"
10001,20,2,ppo,seed0,2,True,12,20,10,1.0,1,0.195,"[10, 10]"
10001,20,2,ppo,seed0,3,True,31,45,26,0.976374156219865,0,0.275,"[26, 19]"
10001,20,2,ppo,seed0,4,True,17,24,12,1.0,0,0.2075,"[12, 12]"
10001,20,2,ppo,seed1,0,True,14,25,13,0.9984025559105432,1,0.205,"[12, 13]"
10001,20,2,ppo,seed1,1,True,12,21,11,0.997737556561086,0,0.195,"[11, 10]"
10001,20,2,ppo,seed1,2,True,12,22,11,1.0,0,0.21,"[11, 11]"
10001,20,2,ppo,seed1,3,True,16,27,15,0.9878048780487805,0,0.2175,"[15, 12]"
10001,20,2,ppo,seed1,4,True,17,25,13,0.9984025559105432,0,0.21,"[12, 13]"
10001,20,2,ppo,seed2,0,True,13,23,12,0.9981132075471698,1,0.2025,"[11, 12]"
10001,20,2,ppo,seed2,1,True,11,19,10,0.9972375690607734,0,0.1875,"[10, 9]"
10001,20,2,ppo,seed2,2,True,12,21,11,0.997737556561086,0,0.2025,"[10, 11]"
10001,20,2,ppo,seed2,3,True,16,27,14,0.9986301369863013,0,0.215,"[14, 13]"
10001,20,2,ppo,seed2,4,True,16,25,14,0.9858044164037855,1,0.2125,"[11, 14]"
10001,20,2,frontier,danger,0,True,19,38,19,1.0,0,0.2675,"[19, 19]"
10001,20,2,frontier,no_danger,0,True,11,22,11,1.0,0,0.21,"[11, 11]"
10001,20,3,ppo,seed0,0,True,34,63,25,0.9692307692307692,15,0.3475,"[16, 22, 25]"
10001,20,3,ppo,seed0,1,True,242,250,97,0.9800232069495406,31,0.545,"[68, 97, 85]"
10001,20,3,ppo,seed0,2,True,163,206,79,0.9887692809543781,43,0.4725,"[63, 64, 79]"
10001,20,3,ppo,seed0,3,True,40,70,28,0.9397775220560031,9,0.3775,"[15, 27, 28]"
10001,20,3,ppo,seed0,4,True,52,75,30,0.9780907668231612,8,0.3425,"[21, 24, 30]"
10001,20,3,ppo,seed1,0,True,26,50,19,0.9897070467141726,1,0.32,"[19, 15, 16]"
10001,20,3,ppo,seed1,1,True,63,78,32,0.9302752293577982,25,0.3175,"[16, 32, 30]"
10001,20,3,ppo,seed1,2,True,38,68,28,0.9537953795379538,8,0.335,"[16, 28, 24]"
10001,20,3,ppo,seed1,3,True,267,312,116,0.9933263944162126,116,0.445,"[97, 99, 116]"
10001,20,3,ppo,seed1,4,True,145,163,69,0.919756291757538,91,0.435,"[32, 69, 62]"
10001,20,3,ppo,seed2,0,True,50,82,30,0.9873715124816447,19,0.365,"[23, 30, 29]"
10001,20,3,ppo,seed2,1,True,56,83,36,0.9022920759659463,19,0.3575,"[15, 36, 32]"
10001,20,3,ppo,seed2,2,True,101,167,67,0.9794893407789836,24,0.395,"[51, 67, 49]"
10001,20,3,ppo,seed2,3,True,24,51,20,0.9708846584546472,3,0.315,"[18, 20, 13]"
10001,20,3,ppo,seed2,4,True,107,150,62,0.9717543405027209,58,0.4425,"[43, 45, 62]"
10001,20,3,frontier,danger,0,True,21,62,21,0.999479979199168,0,0.345,"[20, 21, 21]"
10001,20,3,frontier,no_danger,0,False,300,39,13,1.0,0,0.2725,"[13, 13, 13]"
10001,20,4,ppo,seed0,0,True,36,97,28,0.9821503131524009,3,0.335,"[25, 19, 25, 28]"
10001,20,4,ppo,seed0,1,True,33,84,27,0.9639344262295082,2,0.38,"[16, 22, 27, 19]"
10001,20,4,ppo,seed0,2,True,63,138,41,0.9796296296296296,20,0.355,"[35, 27, 41, 35]"
10001,20,4,ppo,seed0,3,True,43,113,33,0.9904591995035681,7,0.375,"[27, 26, 33, 27]"
10001,20,4,ppo,seed0,4,True,36,96,25,0.9991326973113617,1,0.3875,"[24, 23, 24, 25]"
10001,20,4,ppo,seed1,0,True,23,64,21,0.9642184557438794,3,0.32,"[16, 14, 13, 21]"
10001,20,4,ppo,seed1,1,True,26,77,22,0.9861942781104458,1,0.35,"[17, 17, 21, 22]"
10001,20,4,ppo,seed1,2,True,59,121,33,0.9927447789530783,14,0.32,"[33, 31, 26, 31]"
10001,20,4,ppo,seed1,3,True,34,81,23,0.9863199037883343,13,0.3475,"[23, 17, 19, 22]"
10001,20,4,ppo,seed1,4,True,25,69,22,0.973221586263287,5,0.3325,"[17, 15, 15, 22]"
10001,20,4,ppo,seed2,0,True,28,73,25,0.9388653981677237,4,0.335,"[20, 15, 13, 25]"
10001,20,4,ppo,seed2,1,True,30,76,22,0.99039780521262,1,0.3475,"[17, 19, 22, 18]"
10001,20,4,ppo,seed2,2,True,31,79,22,0.9843848580441641,5,0.39,"[16, 22, 19, 22]"
10001,20,4,ppo,seed2,3,True,50,122,33,0.9954521134296416,4,0.3825,"[32, 29, 28, 33]"
10001,20,4,ppo,seed2,4,True,32,76,20,0.9972375690607734,2,0.37,"[18, 20, 18, 20]"
10001,20,4,frontier,danger,0,True,20,77,20,0.9994942683749157,0,0.34,"[19, 19, 20, 19]"
10001,20,4,frontier,no_danger,0,False,300,49,13,0.9987520798668885,0,0.2725,"[12, 12, 12, 13]"
10001,20,5,ppo,seed0,0,True,68,188,42,0.9897507700924111,7,0.3975,"[39, 31, 40, 36, 42]"
10001,20,5,ppo,seed0,1,True,57,175,37,0.9960969263294844,5,0.4025,"[35, 37, 35, 37, 31]"
10001,20,5,ppo,seed0,2,True,26,89,19,0.9957259585166562,5,0.39,"[16, 17, 19, 19, 18]"
10001,20,5,ppo,seed0,3,True,32,109,27,0.9631941629509526,2,0.4625,"[22, 27, 17, 26, 17]"
10001,20,5,ppo,seed0,4,True,45,156,37,0.9789219629927595,1,0.37,"[35, 37, 29, 31, 24]"
10001,20,5,ppo,seed1,0,True,244,519,115,0.9941904884935501,89,0.4,"[91, 101, 104, 115, 108]"
10001,20,5,ppo,seed1,1,True,69,191,42,0.9947102931152011,24,0.39,"[42, 35, 39, 40, 35]"
10001,20,5,ppo,seed1,2,False,300,580,121,0.9967407407407407,114,0.4075,"[119, 117, 103, 121, 120]"
10001,20,5,ppo,seed1,3,True,76,212,47,0.9956579530350023,25,0.415,"[43, 47, 40, 43, 39]"
10001,20,5,ppo,seed1,4,True,25,86,19,0.9967654986522911,0,0.34,"[19, 17, 17, 17, 16]"
10001,20,5,ppo,seed2,0,True,97,227,51,0.9958256836409315,5,0.3675,"[43, 43, 51, 45, 45]"
10001,20,5,ppo,seed2,1,True,49,133,32,0.9835418404225744,4,0.3925,"[28, 22, 24, 32, 27]"
10001,20,5,ppo,seed2,2,True,95,278,60,0.9942621896307732,16,0.4,"[56, 59, 48, 60, 55]"
10001,20,5,ppo,seed2,3,True,50,152,35,0.9835674755214985,4,0.4125,"[33, 28, 32, 35, 24]"
10001,20,5,ppo,seed2,4,True,47,161,36,0.9750235094978371,6,0.3875,"[36, 36, 30, 36, 23]"
10001,20,5,frontier,danger,0,False,300,61,13,0.9935914552736983,0,0.3225,"[13, 11, 13, 13, 11]"
10001,20,5,frontier,no_danger,0,False,300,47,13,0.9625272331154684,0,0.275,"[8, 9, 8, 13, 9]"
10002,20,2,ppo,seed0,0,True,41,51,28,0.9904798172124905,16,0.2,"[28, 23]"
10002,20,2,ppo,seed0,1,True,48,41,21,0.9994054696789536,33,0.19,"[21, 20]"
10002,20,2,ppo,seed0,2,True,45,50,31,0.9455370650529501,33,0.195,"[19, 31]"
10002,20,2,ppo,seed0,3,True,32,47,29,0.948068669527897,5,0.1875,"[29, 18]"
10002,20,2,ppo,seed0,4,True,91,52,30,0.976878612716763,56,0.1675,"[22, 30]"
10002,20,2,ppo,seed1,0,True,118,100,52,0.9984025559105432,68,0.195,"[52, 48]"
10002,20,2,ppo,seed1,1,True,46,46,30,0.9152249134948097,31,0.225,"[16, 30]"
10002,20,2,ppo,seed1,2,True,29,28,18,0.9245283018867925,26,0.155,"[18, 10]"
10002,20,2,ppo,seed1,3,True,35,49,29,0.967365028203062,12,0.1775,"[29, 20]"
10002,20,2,ppo,seed1,4,True,61,56,37,0.9063583815028902,45,0.17,"[19, 37]"
10002,20,2,ppo,seed2,0,True,60,73,41,0.9850277264325323,22,0.31,"[32, 41]"
10002,20,2,ppo,seed2,1,True,120,118,68,0.9772599663110612,48,0.2025,"[50, 68]"
10002,20,2,ppo,seed2,2,True,53,57,38,0.9,23,0.2375,"[19, 38]"
10002,20,2,ppo,seed2,3,True,41,53,34,0.9258404746209624,2,0.22,"[34, 19]"
10002,20,2,ppo,seed2,4,True,86,49,40,0.7141582391433671,80,0.1875,"[9, 40]"
10002,20,2,frontier,danger,0,True,32,39,32,0.7087604846225536,0,0.2575,"[7, 32]"
10002,20,2,frontier,no_danger,0,True,8,16,8,1.0,0,0.14,"[8, 8]"
10002,20,3,ppo,seed0,0,True,41,64,24,0.9908079342041606,15,0.22,"[24, 19, 21]"
10002,20,3,ppo,seed0,1,True,62,77,34,0.9388756927949327,17,0.2025,"[34, 25, 18]"
10002,20,3,ppo,seed0,2,True,99,119,54,0.931215887420267,38,0.24,"[54, 37, 28]"
10002,20,3,ppo,seed0,3,True,35,59,24,0.9726180497345627,16,0.2425,"[19, 24, 16]"
10002,20,3,ppo,seed0,4,False,300,290,122,0.9102913798328788,230,0.22,"[54, 114, 122]"
10002,20,3,ppo,seed1,0,True,163,233,99,0.8942201577967749,94,0.225,"[94, 40, 99]"
10002,20,3,ppo,seed1,1,True,146,149,57,0.9764260896336368,101,0.2275,"[39, 57, 53]"
10002,20,3,ppo,seed1,2,False,300,325,135,0.9275847230638178,217,0.2925,"[66, 124, 135]"
10002,20,3,ppo,seed1,3,True,178,181,83,0.8565639135095563,150,0.2625,"[26, 72, 83]"
10002,20,3,ppo,seed1,4,False,300,361,141,0.9826128917942802,217,0.33,"[102, 141, 118]"
10002,20,3,ppo,seed2,0,True,85,127,53,0.9568131933321469,36,0.21,"[53, 43, 31]"
10002,20,3,ppo,seed2,1,True,85,104,38,0.9932047750229568,37,0.23,"[31, 35, 38]"
10002,20,3,ppo,seed2,2,True,180,224,93,0.9644408564948295,93,0.3325,"[58, 93, 73]"
10002,20,3,ppo,seed2,3,True,174,202,82,0.9629944302841499,67,0.25,"[50, 82, 70]"
10002,20,3,ppo,seed2,4,True,36,55,22,0.9761213294611165,17,0.1775,"[15, 18, 22]"
10002,20,3,frontier,danger,0,False,300,23,15,0.6861219195849546,0,0.2,"[4, 4, 15]"
10002,20,3,frontier,no_danger,0,True,10,24,10,0.9696969696969697,0,0.1775,"[7, 7, 10]"
10002,20,4,ppo,seed0,0,True,58,112,36,0.9474320241691843,26,0.2325,"[27, 31, 36, 18]"
10002,20,4,ppo,seed0,1,True,199,321,109,0.9425976069376852,92,0.225,"[54, 74, 109, 84]"
10002,20,4,ppo,seed0,2,True,46,91,29,0.9660522631824545,32,0.2125,"[22, 23, 29, 17]"
10002,20,4,ppo,seed0,3,True,35,74,20,0.9934687953555879,21,0.205,"[19, 20, 19, 16]"
10002,20,4,ppo,seed0,4,True,36,81,25,0.9631532589547857,15,0.2175,"[18, 15, 25, 23]"
10002,20,4,ppo,seed1,0,True,133,231,67,0.9911769076454418,96,0.285,"[55, 56, 67, 53]"
10002,20,4,ppo,seed1,1,False,300,448,139,0.9606003752345216,256,0.2925,"[110, 122, 139, 77]"
10002,20,4,ppo,seed1,2,False,300,247,94,0.9083586445119409,109,0.255,"[94, 57, 55, 41]"
10002,20,4,ppo,seed1,3,True,34,89,25,0.9847090999502734,9,0.215,"[25, 19, 25, 20]"
10002,20,4,ppo,seed1,4,False,300,263,83,0.9488203017832647,112,0.2625,"[78, 83, 46, 56]"
10002,20,4,ppo,seed2,0,True,246,403,124,0.9779668569501649,229,0.29,"[90, 124, 85, 104]"
10002,20,4,ppo,seed2,1,True,189,237,69,0.9782131661442006,107,0.255,"[52, 67, 69, 49]"
10002,20,4,ppo,seed2,2,True,26,58,18,0.9666666666666667,10,0.2,"[18, 13, 16, 11]"
10002,20,4,ppo,seed2,3,True,188,268,71,0.9939112144359571,129,0.275,"[70, 58, 69, 71]"
10002,20,4,ppo,seed2,4,True,39,90,24,0.9916748285994124,15,0.22,"[23, 24, 19, 24]"
10002,20,4,frontier,danger,0,False,300,98,32,0.9400939702427564,0,0.3475,"[24, 32, 27, 15]"
10002,20,4,frontier,no_danger,0,False,300,30,9,0.9868421052631579,0,0.185,"[7, 7, 7, 9]"
10002,20,5,ppo,seed0,0,True,191,459,104,0.9913233737207388,135,0.2875,"[82, 104, 95, 82, 96]"
10002,20,5,ppo,seed0,1,False,300,690,160,0.976375046142488,160,0.37,"[105, 157, 121, 147, 160]"
10002,20,5,ppo,seed0,2,False,300,356,98,0.9447335072679836,153,0.2925,"[49, 70, 81, 58, 98]"
10002,20,5,ppo,seed0,3,True,83,198,53,0.9340957827019299,57,0.285,"[24, 48, 41, 32, 53]"
10002,20,5,ppo,seed0,4,False,300,639,138,0.9951403190231894,182,0.3625,"[137, 115, 128, 121, 138]"
10002,20,5,ppo,seed1,0,True,46,119,30,0.9623513421678559,34,0.23,"[17, 30, 25, 20, 27]"
10002,20,5,ppo,seed1,1,True,160,357,92,0.9740456265046429,94,0.295,"[66, 74, 68, 57, 92]"
10002,20,5,ppo,seed1,2,True,274,508,122,0.9284213555907325,198,0.2875,"[49, 122, 95, 121, 121]"
10002,20,5,ppo,seed1,3,True,117,200,67,0.8428150021070375,87,0.275,"[21, 53, 27, 32, 67]"
10002,20,5,ppo,seed1,4,True,222,402,95,0.987980681053983,121,0.2725,"[74, 76, 95, 71, 86]"
10002,20,5,ppo,seed2,0,False,300,392,121,0.8523629909030397,127,0.2725,"[45, 121, 115, 57, 54]"
10002,20,5,ppo,seed2,1,True,279,502,120,0.9719001889775927,134,0.275,"[100, 119, 120, 79, 84]"
10002,20,5,ppo,seed2,2,False,300,463,137,0.9355168124986363,310,0.2675,"[68, 137, 98, 84, 76]"
10002,20,5,ppo,seed2,3,True,230,372,115,0.9233602455461399,183,0.255,"[115, 68, 58, 75, 56]"
10002,20,5,ppo,seed2,4,True,159,339,87,0.9688572271635122,184,0.2675,"[71, 66, 87, 66, 49]"
10002,20,5,frontier,danger,0,False,300,54,12,0.9918367346938776,0,0.2275,"[12, 10, 10, 12, 10]"
10002,20,5,frontier,no_danger,0,False,300,22,6,0.8344827586206897,0,0.165,"[2, 6, 6, 2, 6]"
10003,20,2,ppo,seed0,0,True,14,21,12,0.98,1,0.17,"[9, 12]"
10003,20,2,ppo,seed0,1,True,11,21,11,0.997737556561086,0,0.175,"[10, 11]"
10003,20,2,ppo,seed0,2,True,12,21,11,0.997737556561086,0,0.155,"[10, 11]"
10003,20,2,ppo,seed0,3,True,12,21,12,0.98,1,0.155,"[12, 9]"
10003,20,2,ppo,seed0,4,True,15,23,12,0.9981132075471698,0,0.1625,"[11, 12]"
10003,20,2,ppo,seed1,0,True,15,23,12,0.9981132075471698,1,0.19,"[11, 12]"
10003,20,2,ppo,seed1,1,True,26,29,22,0.7889305816135085,12,0.195,"[7, 22]"
10003,20,2,ppo,seed1,2,True,19,26,17,0.9135135135135135,7,0.18,"[9, 17]"
10003,20,2,ppo,seed1,3,True,12,22,11,1.0,1,0.17,"[11, 11]"
10003,20,2,ppo,seed1,4,True,16,19,12,0.9352331606217616,6,0.1725,"[7, 12]"
10003,20,2,ppo,seed2,0,True,14,21,12,0.98,1,0.16,"[9, 12]"
10003,20,2,ppo,seed2,1,True,38,48,30,0.9411764705882353,7,0.215,"[18, 30]"
10003,20,2,ppo,seed2,2,True,34,53,27,0.999644128113879,0,0.2275,"[26, 27]"
10003,20,2,ppo,seed2,3,True,12,21,11,0.997737556561086,1,0.16,"[11, 10]"
10003,20,2,ppo,seed2,4,True,12,18,9,1.0,0,0.16,"[9, 9]"
10003,20,2,frontier,danger,0,True,21,21,21,0.5,0,0.175,"[21, 0]"
10003,20,2,frontier,no_danger,0,True,10,20,10,1.0,0,0.1775,"[10, 10]"
10003,20,3,ppo,seed0,0,True,49,88,36,0.9718875502008032,20,0.2775,"[36, 28, 24]"
10003,20,3,ppo,seed0,1,True,30,48,21,0.9481481481481482,17,0.26,"[21, 12, 15]"
10003,20,3,ppo,seed0,2,True,28,59,21,0.9959942775393419,4,0.2725,"[20, 18, 21]"
10003,20,3,ppo,seed0,3,True,52,83,34,0.9726104757870959,20,0.3,"[34, 26, 23]"
10003,20,3,ppo,seed0,4,True,67,113,43,0.9786924197133441,29,0.315,"[40, 43, 30]"
10003,20,3,ppo,seed1,0,True,71,106,45,0.9491468153404291,39,0.2725,"[45, 36, 25]"
10003,20,3,ppo,seed1,1,True,88,126,53,0.962531829756275,45,0.285,"[33, 40, 53]"
10003,20,3,ppo,seed1,2,True,44,85,31,0.992308748798242,13,0.2675,"[31, 25, 29]"
10003,20,3,ppo,seed1,3,True,47,83,34,0.9407346715826846,21,0.29,"[34, 31, 18]"
10003,20,3,ppo,seed1,4,True,41,74,28,0.9898770788141721,3,0.27,"[28, 24, 22]"
10003,20,3,ppo,seed2,0,True,64,108,49,0.9200189304306673,30,0.2825,"[49, 36, 23]"
10003,20,3,ppo,seed2,1,True,30,48,21,0.9481481481481482,20,0.26,"[21, 12, 15]"
10003,20,3,ppo,seed2,2,True,130,205,82,0.9776211412752692,23,0.315,"[82, 66, 57]"
10003,20,3,ppo,seed2,3,True,124,179,64,0.9969507452005352,67,0.3,"[56, 64, 59]"
10003,20,3,ppo,seed2,4,True,76,107,42,0.9693506053678774,51,0.3375,"[38, 42, 27]"
10003,20,3,frontier,danger,0,True,11,31,11,0.9979231568016614,0,0.21,"[10, 10, 11]"
10003,20,3,frontier,no_danger,0,True,11,33,11,1.0,0,0.2025,"[11, 11, 11]"
10003,20,4,ppo,seed0,0,True,61,120,37,0.9589770911028237,45,0.33,"[22, 26, 37, 35]"
10003,20,4,ppo,seed0,1,True,32,79,28,0.9303816338700059,10,0.3425,"[21, 16, 14, 28]"
10003,20,4,ppo,seed0,2,True,141,287,88,0.9803499166865032,80,0.4125,"[69, 60, 70, 88]"
10003,20,4,ppo,seed0,3,True,65,143,48,0.890480752482146,40,0.3825,"[45, 34, 16, 48]"
10003,20,4,ppo,seed0,4,True,166,320,92,0.9629128112540435,69,0.355,"[87, 92, 88, 53]"
10003,20,4,ppo,seed1,0,True,218,343,111,0.9639883976270853,177,0.395,"[73, 69, 111, 90]"
10003,20,4,ppo,seed1,1,True,32,83,25,0.9768859897901304,12,0.34,"[21, 16, 21, 25]"
10003,20,4,ppo,seed1,2,True,31,81,24,0.9734421364985163,7,0.34,"[22, 15, 20, 24]"
10003,20,4,ppo,seed1,3,True,60,129,38,0.9846745562130178,23,0.38,"[34, 29, 28, 38]"
10003,20,4,ppo,seed1,4,True,61,131,40,0.9574313769247935,29,0.39,"[24, 28, 39, 40]"
10003,20,4,ppo,seed2,0,True,83,194,55,0.9918827746152225,21,0.4075,"[44, 50, 55, 45]"
10003,20,4,ppo,seed2,1,True,49,115,33,0.991974197419742,15,0.3425,"[33, 28, 26, 28]"
10003,20,4,ppo,seed2,2,True,28,82,22,0.9970344009489917,1,0.345,"[21, 20, 22, 19]"
10003,20,4,ppo,seed2,3,True,40,94,29,0.9680105170902716,26,0.35,"[29, 18, 21, 26]"
10003,20,4,ppo,seed2,4,True,111,203,70,0.9277127420081045,64,0.38,"[51, 52, 70, 30]"
10003,20,4,frontier,danger,0,True,17,48,17,0.9442622950819672,0,0.3125,"[10, 11, 17, 10]"
10003,20,4,frontier,no_danger,0,False,300,53,14,0.9960992907801418,0,0.2975,"[12, 14, 14, 13]"
10003,20,5,ppo,seed0,0,True,88,283,62,0.9956983900043513,31,0.44,"[57, 59, 62, 52, 53]"
10003,20,5,ppo,seed0,1,True,33,110,23,0.9991742361684558,6,0.35,"[22, 22, 21, 22, 23]"
10003,20,5,ppo,seed0,2,True,32,115,28,0.9814471243042672,4,0.3725,"[28, 23, 23, 18, 23]"
10003,20,5,ppo,seed0,3,True,98,249,62,0.9803304609060005,61,0.425,"[53, 62, 46, 46, 42]"
10003,20,5,ppo,seed0,4,True,197,478,115,0.9566404287389048,215,0.45,"[107, 107, 58, 115, 91]"
10003,20,5,ppo,seed1,0,True,154,403,91,0.9649110299141491,112,0.5125,"[50, 87, 91, 87, 88]"
10003,20,5,ppo,seed1,1,True,33,111,24,0.9924285138944825,8,0.3675,"[21, 24, 23, 19, 24]"
10003,20,5,ppo,seed1,2,True,53,184,43,0.9821874093414563,4,0.415,"[43, 30, 39, 40, 32]"
10003,20,5,ppo,seed1,3,True,107,226,52,0.9881214935190559,56,0.3825,"[48, 52, 39, 47, 40]"
10003,20,5,ppo,seed1,4,True,126,294,68,0.9814465765868059,97,0.435,"[50, 67, 60, 68, 49]"
10003,20,5,ppo,seed2,0,True,113,291,68,0.9385536159600998,90,0.4375,"[29, 66, 68, 60, 68]"
10003,20,5,ppo,seed2,1,True,39,134,30,0.9920441988950276,14,0.355,"[28, 24, 30, 24, 28]"
10003,20,5,ppo,seed2,2,True,30,103,24,0.9737494263423588,4,0.36,"[24, 21, 24, 19, 15]"
10003,20,5,ppo,seed2,3,True,52,160,38,0.979716800612323,36,0.4225,"[25, 38, 31, 36, 30]"
10003,20,5,ppo,seed2,4,True,97,223,52,0.9905188726222488,71,0.38,"[42, 40, 52, 47, 42]"
10003,20,5,frontier,danger,0,True,16,58,16,0.942296918767507,0,0.295,"[16, 14, 9, 10, 9]"
10003,20,5,frontier,no_danger,0,False,300,63,15,0.9885429638854296,0,0.2925,"[15, 13, 12, 11, 12]"
10004,20,2,ppo,seed0,0,True,13,17,9,0.996551724137931,4,0.1425,"[8, 9]"
10004,20,2,ppo,seed0,1,True,10,16,8,1.0,0,0.1375,"[8, 8]"
10004,20,2,ppo,seed0,2,True,11,18,10,0.9878048780487805,2,0.15,"[8, 10]"
10004,20,2,ppo,seed0,3,True,10,12,9,0.8,2,0.12,"[3, 9]"
10004,20,2,ppo,seed0,4,True,9,13,8,0.949438202247191,3,0.1275,"[5, 8]"
10004,20,2,ppo,seed1,0,True,9,16,8,1.0,0,0.13,"[8, 8]"
10004,20,2,ppo,seed1,1,True,14,24,12,1.0,0,0.1525,"[12, 12]"
10004,20,2,ppo,seed1,2,True,9,16,8,1.0,0,0.135,"[8, 8]"
10004,20,2,ppo,seed1,3,True,11,14,10,0.8448275862068966,1,0.13,"[4, 10]"
10004,20,2,ppo,seed1,4,True,8,13,7,0.9941176470588236,1,0.1225,"[6, 7]"
10004,20,2,ppo,seed2,0,True,12,13,7,0.9941176470588236,5,0.125,"[6, 7]"
10004,20,2,ppo,seed2,1,True,14,23,12,0.9981132075471698,0,0.1525,"[11, 12]"
10004,20,2,ppo,seed2,2,True,10,16,9,0.9846153846153847,2,0.1375,"[7, 9]"
10004,20,2,ppo,seed2,3,True,10,12,9,0.8,2,0.12,"[3, 9]"
10004,20,2,ppo,seed2,4,True,11,16,9,0.9846153846153847,3,0.1275,"[7, 9]"
10004,20,2,frontier,danger,0,False,300,300,300,0.5,0,0.42,"[0, 300]"
10004,20,2,frontier,no_danger,0,True,7,14,7,1.0,0,0.125,"[7, 7]"
10004,20,3,ppo,seed0,0,True,21,33,15,0.937984496124031,12,0.205,"[15, 9, 9]"
10004,20,3,ppo,seed0,1,True,139,141,60,0.9385356181843931,112,0.285,"[60, 50, 31]"
10004,20,3,ppo,seed0,2,True,29,53,21,0.9804537521815009,9,0.235,"[21, 15, 17]"
10004,20,3,ppo,seed0,3,True,16,27,14,0.8293515358361775,1,0.185,"[9, 4, 14]"
10004,20,3,ppo,seed0,4,True,60,85,34,0.9374594524458285,31,0.255,"[34, 33, 18]"
10004,20,3,ppo,seed1,0,True,36,57,25,0.9123841617523167,21,0.2475,"[25, 21, 11]"
10004,20,3,ppo,seed1,1,True,42,81,31,0.989145183175034,12,0.22,"[25, 31, 25]"
10004,20,3,ppo,seed1,2,True,80,135,56,0.9647451167222487,37,0.275,"[44, 56, 35]"
10004,20,3,ppo,seed1,3,True,43,68,31,0.9141953341241598,20,0.2,"[23, 31, 14]"
10004,20,3,ppo,seed1,4,True,64,101,47,0.837726862117106,44,0.2475,"[41, 47, 13]"
10004,20,3,ppo,seed2,0,True,22,38,14,0.99039780521262,9,0.2175,"[13, 11, 14]"
10004,20,3,ppo,seed2,1,True,77,95,37,0.980232431845335,29,0.2325,"[37, 32, 26]"
10004,20,3,ppo,seed2,2,True,56,91,35,0.9819755721570023,21,0.25,"[31, 35, 25]"
10004,20,3,ppo,seed2,3,True,17,36,14,0.9863013698630136,2,0.205,"[11, 11, 14]"
10004,20,3,ppo,seed2,4,True,67,115,47,0.925537126460914,33,0.285,"[45, 47, 23]"
10004,20,3,frontier,danger,0,True,11,33,11,1.0,0,0.1975,"[11, 11, 11]"
10004,20,3,frontier,no_danger,0,True,10,28,10,0.9974554707379135,0,0.18,"[9, 9, 10]"
10004,20,4,ppo,seed0,0,True,41,106,32,0.9814814814814815,5,0.315,"[27, 32, 22, 25]"
10004,20,4,ppo,seed0,1,True,17,44,12,0.9918032786885246,3,0.25,"[10, 12, 10, 12]"
10004,20,4,ppo,seed0,2,True,274,469,139,0.9432451671555259,191,0.38,"[135, 139, 68, 127]"
10004,20,4,ppo,seed0,3,True,31,66,18,0.9918032786885246,5,0.2525,"[17, 17, 14, 18]"
10004,20,4,ppo,seed0,4,True,52,122,34,0.9786954234613361,9,0.315,"[23, 34, 31, 34]"
10004,20,4,ppo,seed1,0,True,75,148,53,0.8758797184900832,47,0.3125,"[53, 15, 37, 43]"
10004,20,4,ppo,seed1,1,True,70,132,42,0.9490196078431372,34,0.32,"[33, 21, 36, 42]"
10004,20,4,ppo,seed1,2,True,114,206,64,0.9745544736358626,45,0.3475,"[45, 43, 54, 64]"
10004,20,4,ppo,seed1,3,True,169,263,83,0.941792386035619,85,0.3375,"[44, 56, 80, 83]"
10004,20,4,ppo,seed1,4,True,133,258,75,0.9569292696952272,74,0.4125,"[72, 41, 70, 75]"
10004,20,4,ppo,seed2,0,True,98,211,65,0.9471747085354438,44,0.365,"[63, 34, 65, 49]"
10004,20,4,ppo,seed2,1,True,157,325,105,0.9485344301160242,112,0.3725,"[78, 53, 105, 89]"
10004,20,4,ppo,seed2,2,True,226,396,120,0.9797081167532987,162,0.325,"[84, 120, 88, 104]"
10004,20,4,ppo,seed2,3,True,53,116,37,0.9476056338028169,25,0.3075,"[34, 20, 37, 25]"
10004,20,4,ppo,seed2,4,True,112,247,82,0.931093950308284,78,0.3775,"[60, 36, 82, 69]"
10004,20,4,frontier,danger,0,True,14,48,14,0.9829351535836177,0,0.3025,"[13, 11, 10, 14]"
10004,20,4,frontier,no_danger,0,True,11,43,11,0.9983801295896328,0,0.28,"[11, 11, 10, 11]"
10004,20,5,ppo,seed0,0,True,104,289,73,0.9631666954967422,42,0.44,"[60, 73, 61, 38, 57]"
10004,20,5,ppo,seed0,1,True,93,273,65,0.9607347728005157,32,0.4725,"[61, 65, 62, 35, 50]"
10004,20,5,ppo,seed0,2,True,35,110,26,0.9861450692746536,6,0.36,"[21, 26, 18, 23, 22]"
10004,20,5,ppo,seed0,3,True,98,271,66,0.9569483353964428,42,0.4475,"[66, 60, 52, 33, 60]"
10004,20,5,ppo,seed0,4,True,41,124,28,0.979987253027406,9,0.35,"[28, 27, 21, 28, 20]"
10004,20,5,ppo,seed1,0,True,90,243,59,0.9391491053677933,70,0.3775,"[58, 59, 52, 25, 49]"
10004,20,5,ppo,seed1,1,True,133,357,90,0.9308622137822736,97,0.41,"[84, 79, 90, 35, 69]"
10004,20,5,ppo,seed1,2,True,148,381,96,0.8931610521458238,107,0.475,"[96, 82, 96, 25, 82]"
10004,20,5,ppo,seed1,3,True,122,327,74,0.9900374982639693,61,0.4675,"[55, 66, 74, 70, 62]"
10004,20,5,ppo,seed1,4,True,36,126,27,0.9972361809045226,6,0.385,"[27, 25, 26, 23, 25]"
10004,20,5,ppo,seed2,0,False,300,716,189,0.8356523440046946,301,0.41,"[189, 19, 183, 150, 175]"
10004,20,5,ppo,seed2,1,True,90,240,62,0.9486166007905138,59,0.4775,"[56, 42, 50, 30, 62]"
10004,20,5,ppo,seed2,2,True,23,80,20,0.9800918836140888,7,0.3375,"[17, 20, 14, 14, 15]"
10004,20,5,ppo,seed2,3,True,47,145,31,0.9962094290452499,8,0.435,"[31, 29, 31, 27, 27]"
10004,20,5,ppo,seed2,4,True,100,270,69,0.9672283401884039,64,0.435,"[57, 69, 54, 38, 52]"
10004,20,5,frontier,danger,0,True,12,50,12,0.9881422924901185,0,0.2725,"[9, 12, 10, 9, 10]"
10004,20,5,frontier,no_danger,0,False,300,45,12,0.9665871121718377,0,0.2525,"[8, 12, 9, 7, 9]"
10005,20,2,ppo,seed0,0,True,57,47,26,0.9888093106535363,15,0.1875,"[26, 21]"
10005,20,2,ppo,seed0,1,True,12,18,11,0.9529411764705882,1,0.1375,"[7, 11]"
10005,20,2,ppo,seed0,2,True,113,97,50,0.9990443830961988,80,0.2025,"[50, 47]"
10005,20,2,ppo,seed0,3,True,60,60,33,0.9900990099009901,26,0.1825,"[33, 27]"
10005,20,2,ppo,seed0,4,True,21,28,18,0.9245283018867925,5,0.18,"[10, 18]"
10005,20,2,ppo,seed1,0,True,66,63,34,0.9937406109163746,26,0.2275,"[34, 29]"
10005,20,2,ppo,seed1,1,True,218,197,104,0.9968918571795531,69,0.23,"[104, 93]"
10005,20,2,ppo,seed1,2,True,63,85,44,0.998755875034559,7,0.165,"[44, 41]"
10005,20,2,ppo,seed1,3,True,27,39,21,0.9941176470588236,7,0.15,"[21, 18]"
10005,20,2,ppo,seed1,4,True,13,20,10,1.0,3,0.1625,"[10, 10]"
10005,20,2,ppo,seed2,0,True,20,25,13,0.9984025559105432,4,0.17,"[13, 12]"
10005,20,2,ppo,seed2,1,True,17,26,16,0.949438202247191,0,0.1475,"[10, 16]"
10005,20,2,ppo,seed2,2,True,59,65,35,0.9941176470588236,21,0.2,"[35, 30]"
10005,20,2,ppo,seed2,3,True,9,16,9,0.9846153846153847,0,0.1425,"[7, 9]"
10005,20,2,ppo,seed2,4,True,16,19,12,0.9352331606217616,5,0.1675,"[7, 12]"
10005,20,2,frontier,danger,0,True,17,34,17,1.0,0,0.2075,"[17, 17]"
10005,20,2,frontier,no_danger,0,True,7,14,7,1.0,0,0.135,"[7, 7]"
10005,20,3,ppo,seed0,0,True,67,84,32,0.9824561403508771,29,0.245,"[29, 23, 32]"
10005,20,3,ppo,seed0,1,True,52,84,34,0.9743164871582436,20,0.255,"[27, 34, 23]"
10005,20,3,ppo,seed0,2,True,109,158,60,0.989456995640111,53,0.2475,"[51, 47, 60]"
10005,20,3,ppo,seed0,3,True,13,25,9,0.9873617693522907,1,0.2175,"[9, 7, 9]"
10005,20,3,ppo,seed0,4,True,47,78,30,0.9873417721518988,15,0.265,"[23, 30, 25]"
10005,20,3,ppo,seed1,0,True,87,104,46,0.9183222958057395,35,0.2675,"[21, 46, 37]"
10005,20,3,ppo,seed1,1,True,128,191,77,0.9443452149827859,59,0.26,"[42, 77, 72]"
10005,20,3,ppo,seed1,2,True,150,169,79,0.9137473206001856,126,0.2475,"[53, 37, 79]"
10005,20,3,ppo,seed1,3,True,118,124,46,0.9902112313240597,77,0.255,"[42, 36, 46]"
10005,20,3,ppo,seed1,4,True,36,60,25,0.966183574879227,10,0.2575,"[16, 25, 19]"
10005,20,3,ppo,seed2,0,True,51,80,29,0.9940975458216837,35,0.2575,"[29, 24, 27]"
10005,20,3,ppo,seed2,1,True,49,82,30,0.9943803608399882,19,0.255,"[25, 27, 30]"
10005,20,3,ppo,seed2,2,True,21,44,16,0.9928205128205129,7,0.2125,"[13, 16, 15]"
10005,20,3,ppo,seed2,3,True,58,98,38,0.984419844198442,24,0.2625,"[28, 32, 38]"
10005,20,3,ppo,seed2,4,True,80,109,38,0.9988230348886087,61,0.2875,"[36, 35, 38]"
10005,20,3,frontier,danger,0,True,20,58,20,0.9976275207591934,0,0.3,"[20, 18, 20]"
10005,20,3,frontier,no_danger,0,False,300,28,10,0.9974554707379135,0,0.2225,"[9, 9, 10]"
10005,20,4,ppo,seed0,0,True,28,73,20,0.9934750186428039,8,0.3225,"[18, 20, 19, 16]"
10005,20,4,ppo,seed0,1,True,67,150,47,0.9715025906735751,32,0.3675,"[29, 47, 38, 36]"
10005,20,4,ppo,seed0,2,True,103,211,63,0.9857629970773182,58,0.375,"[53, 48, 63, 47]"
10005,20,4,ppo,seed0,3,True,114,214,67,0.9387504099704821,70,0.3775,"[55, 67, 61, 31]"
10005,20,4,ppo,seed0,4,True,22,61,20,0.898792270531401,15,0.3025,"[15, 19, 20, 7]"
10005,20,4,ppo,seed1,0,True,18,53,16,0.973994452149792,1,0.3025,"[13, 10, 14, 16]"
10005,20,4,ppo,seed1,1,True,218,407,113,0.9906525847427218,97,0.4025,"[109, 113, 97, 88]"
10005,20,4,ppo,seed1,2,True,149,271,101,0.8475395836218437,140,0.425,"[91, 45, 101, 34]"
10005,20,4,ppo,seed1,3,True,159,302,84,0.9907447640566611,89,0.415,"[84, 66, 81, 71]"
10005,20,4,ppo,seed1,4,True,14,46,14,0.9796296296296296,0,0.3075,"[10, 10, 14, 12]"
10005,20,4,ppo,seed2,0,True,23,65,19,0.9899250234301781,5,0.3275,"[16, 15, 19, 15]"
10005,20,4,ppo,seed2,1,True,143,300,88,0.9772411396803335,73,0.3825,"[88, 84, 68, 60]"
10005,20,4,ppo,seed2,2,True,43,103,34,0.9111130195809001,26,0.3575,"[34, 25, 31, 13]"
10005,20,4,ppo,seed2,3,True,101,199,67,0.9379677877783041,61,0.335,"[57, 67, 36, 39]"
10005,20,4,ppo,seed2,4,True,184,316,89,0.9793644566496665,72,0.3775,"[80, 87, 89, 60]"
10005,20,4,frontier,danger,0,True,20,65,20,0.9490116801437556,0,0.37,"[12, 13, 20, 20]"
10005,20,4,frontier,no_danger,0,True,12,44,12,0.9918032786885246,0,0.295,"[10, 10, 12, 12]"
10005,20,5,ppo,seed0,0,True,25,82,20,0.9816058394160584,7,0.3275,"[20, 17, 14, 17, 14]"
10005,20,5,ppo,seed0,1,False,300,636,145,0.987105276001757,190,0.4075,"[145, 139, 103, 125, 124]"
10005,20,5,ppo,seed0,2,True,21,77,18,0.9840663900414938,2,0.315,"[18, 16, 15, 16, 12]"
10005,20,5,ppo,seed0,3,True,27,91,24,0.9469411092052602,2,0.33,"[24, 18, 14, 13, 22]"
10005,20,5,ppo,seed0,4,True,86,254,55,0.995003084515731,18,0.4,"[53, 55, 47, 53, 46]"
10005,20,5,ppo,seed1,0,True,151,358,81,0.9787994501298305,126,0.415,"[67, 53, 81, 77, 80]"
10005,20,5,ppo,seed1,1,True,48,132,30,0.9783267827063448,19,0.3525,"[28, 19, 29, 30, 26]"
10005,20,5,ppo,seed1,2,True,65,195,45,0.9763769418410579,20,0.4125,"[38, 28, 45, 44, 40]"
10005,20,5,ppo,seed1,3,True,223,389,101,0.9424869982249073,134,0.385,"[86, 55, 55, 101, 92]"
10005,20,5,ppo,seed1,4,True,81,201,53,0.961585148161371,53,0.3775,"[45, 35, 30, 38, 53]"
10005,20,5,ppo,seed2,0,True,40,124,29,0.9719342604298357,9,0.3575,"[29, 27, 24, 27, 17]"
10005,20,5,ppo,seed2,1,True,119,301,84,0.9472633174760834,85,0.4025,"[84, 44, 53, 68, 52]"
10005,20,5,ppo,seed2,2,True,43,145,31,0.9985751602944669,6,0.3375,"[29, 28, 29, 31, 28]"
10005,20,5,ppo,seed2,3,True,40,130,30,0.986573263280794,1,0.3325,"[30, 25, 22, 24, 29]"
10005,20,5,ppo,seed2,4,True,22,82,18,0.9961481481481481,1,0.325,"[18, 15, 16, 17, 16]"
10005,20,5,frontier,danger,0,True,23,87,23,0.9672843450479234,0,0.38,"[19, 23, 15, 15, 15]"
10005,20,5,frontier,no_danger,0,False,300,53,15,0.9538200339558573,0,0.31,"[15, 11, 9, 9, 9]"
10000,25,5,ppo,seed0,0,True,30,92,21,0.9830429732868757,2,0.1856,"[21, 20, 18, 19, 14]"
10000,25,5,ppo,seed0,1,True,40,137,31,0.9891436100131752,0,0.2048,"[30, 27, 26, 31, 23]"
10000,25,5,ppo,seed0,2,True,11,41,9,0.9801749271137026,2,0.1664,"[9, 9, 6, 9, 8]"
10000,25,5,ppo,seed0,3,True,23,92,21,0.9922626025791325,0,0.184,"[21, 18, 16, 19, 18]"
10000,25,5,ppo,seed0,4,True,35,123,26,0.9969686985172982,6,0.2144,"[22, 25, 25, 26, 25]"
10000,25,5,ppo,seed1,0,True,21,60,15,0.975609756097561,0,0.1744,"[10, 15, 13, 12, 10]"
10000,25,5,ppo,seed1,1,True,40,115,27,0.9902658180456758,0,0.1856,"[27, 22, 21, 21, 24]"
10000,25,5,ppo,seed1,2,True,45,157,35,0.9909145728643216,0,0.2,"[29, 32, 34, 27, 35]"
10000,25,5,ppo,seed1,3,True,20,71,15,0.9972304648862512,0,0.176,"[15, 15, 13, 14, 14]"
10000,25,5,ppo,seed1,4,True,81,264,61,0.9902813299232737,0,0.2096,"[55, 45, 61, 51, 52]"
10000,25,5,ppo,seed2,0,True,19,58,13,0.9865102639296187,0,0.1648,"[9, 12, 13, 12, 12]"
10000,25,5,ppo,seed2,1,True,53,176,44,0.9762369996848408,0,0.2064,"[36, 33, 27, 44, 36]"
10000,25,5,ppo,seed2,2,True,29,103,23,0.9845939675174014,2,0.2064,"[16, 20, 23, 21, 23]"
10000,25,5,ppo,seed2,3,True,85,269,61,0.9917220585212088,7,0.2432,"[54, 46, 52, 61, 56]"
10000,25,5,ppo,seed2,4,True,15,56,14,0.9769470404984424,0,0.1696,"[11, 9, 14, 12, 10]"
10000,25,5,frontier,danger,0,False,300,45,13,0.9142212189616253,0,0.176,"[13, 5, 7, 10, 10]"
10000,25,5,frontier,no_danger,0,False,300,40,12,0.8938547486033519,0,0.1616,"[12, 4, 6, 9, 9]"
10001,25,5,ppo,seed0,0,True,31,104,30,0.9364502164502164,3,0.2032,"[19, 18, 23, 30, 14]"
10001,25,5,ppo,seed0,1,True,41,132,31,0.9777777777777777,2,0.2064,"[27, 28, 27, 31, 19]"
10001,25,5,ppo,seed0,2,True,47,175,37,0.9983700081499592,1,0.216,"[33, 37, 36, 35, 34]"
10001,25,5,ppo,seed0,3,True,45,145,33,0.9845469445094825,2,0.2192,"[26, 29, 33, 33, 24]"
10001,25,5,ppo,seed0,4,True,33,108,25,0.9679668049792531,2,0.1904,"[22, 25, 24, 23, 14]"
10001,25,5,ppo,seed1,0,True,42,145,36,0.972704140643072,4,0.2144,"[24, 23, 31, 36, 31]"
10001,25,5,ppo,seed1,1,True,142,391,87,0.9835686943095184,4,0.216,"[87, 80, 86, 79, 59]"
10001,25,5,ppo,seed1,2,True,92,284,65,0.9742239400893827,48,0.3072,"[65, 50, 65, 42, 62]"
10001,25,5,ppo,seed1,3,True,28,93,24,0.9583379501385042,1,0.2208,"[18, 20, 19, 24, 12]"
10001,25,5,ppo,seed1,4,True,27,91,21,0.9771091445427729,1,0.2064,"[20, 21, 19, 18, 13]"
10001,25,5,ppo,seed2,0,True,55,174,37,0.9969048403029305,12,0.24,"[33, 36, 36, 37, 32]"
10001,25,5,ppo,seed2,1,True,31,92,23,0.9607264472190692,3,0.2016,"[13, 18, 23, 22, 16]"
10001,25,5,ppo,seed2,2,True,132,346,77,0.9888163872140084,36,0.3152,"[63, 77, 58, 74, 74]"
10001,25,5,ppo,seed2,3,True,82,255,61,0.9759849906191369,13,0.2672,"[42, 48, 60, 61, 44]"
10001,25,5,ppo,seed2,4,True,130,345,79,0.9848578875511977,43,0.288,"[54, 79, 73, 73, 66]"
10001,25,5,frontier,danger,0,True,16,44,16,0.8238297872340425,0,0.1696,"[8, 5, 10, 16, 5]"
10001,25,5,frontier,no_danger,0,True,15,30,15,0.5882352941176471,0,0.1584,"[3, 2, 8, 15, 2]"
