method,heuristic,n,m,train_seed,episode,success,cf_success,steps,total_distance,max_distance,jain,obs_collisions,robot_collisions,per_robot_distances,wall_ms_per_step
ppo,,2,20,0,0,0.0,0.0,300.0,15.0,8.0,0.995575221238938,0.0,0.0,"[7.0, 8.0]",0.38106333333333353
astar,median,2,20,-1,0,True,False,25,23,12,0.9981132075471698,5,0,"[11, 12]",
astar,component,2,20,-1,0,True,False,23,31,16,0.998960498960499,2,0,"[15, 16]",
astar,bbox,2,20,-1,0,True,False,25,23,12,0.9981132075471698,5,0,"[11, 12]",
astar,minimax,2,20,-1,0,True,False,11,17,9,0.996551724137931,5,0,"[9, 8]",
ppo,,2,20,0,1,0.0,0.0,300.0,9.0,5.0,0.9878048780487805,591.0,0.0,"[4.0, 5.0]",0.36256466666666637
astar,median,2,20,-1,1,True,False,12,23,12,0.9981132075471698,1,0,"[11, 12]",
astar,component,2,20,-1,1,True,False,42,65,34,0.9978743504959848,1,0,"[31, 34]",
astar,bbox,2,20,-1,1,True,False,12,23,12,0.9981132075471698,1,0,"[11, 12]",
astar,minimax,2,20,-1,1,True,False,12,23,12,0.9981132075471698,1,0,"[11, 12]",
ppo,,2,20,0,2,0.0,0.0,300.0,10.0,7.0,0.8620689655172413,590.0,0.0,"[7.0, 3.0]",0.36202666666666605
astar,median,2,20,-1,2,True,False,35,22,12,0.9918032786885246,6,0,"[10, 12]",
astar,component,2,20,-1,2,True,False,22,27,14,0.9986301369863013,2,0,"[14, 13]",
astar,bbox,2,20,-1,2,True,False,9,15,8,0.995575221238938,2,0,"[8, 7]",
astar,minimax,2,20,-1,2,True,False,22,22,12,0.9918032786885246,2,0,"[12, 10]",
ppo,,2,20,0,3,1.0,1.0,8.0,16.0,8.0,1.0,0.0,0.0,"[8.0, 8.0]",0.4416624999999952
astar,median,2,20,-1,3,True,False,15,23,14,0.9548736462093863,6,0,"[9, 14]",
astar,component,2,20,-1,3,True,False,31,36,19,0.9969230769230769,6,0,"[19, 17]",
astar,bbox,2,20,-1,3,True,False,15,23,14,0.9548736462093863,6,0,"[9, 14]",
astar,minimax,2,20,-1,3,True,False,18,26,14,0.9941176470588236,10,0,"[12, 14]",
ppo,,2,20,0,4,1.0,1.0,7.0,14.0,7.0,1.0,0.0,0.0,"[7.0, 7.0]",0.531514285714328
astar,median,2,20,-1,4,True,True,6,12,6,1.0,0,0,"[6, 6]",
astar,component,2,20,-1,4,True,True,22,29,19,0.9121475054229935,0,0,"[19, 10]",
astar,bbox,2,20,-1,4,True,True,6,12,6,1.0,0,0,"[6, 6]",
astar,minimax,2,20,-1,4,True,True,7,14,7,1.0,0,0,"[7, 7]",
ppo,,2,20,0,5,0.0,0.0,300.0,13.0,7.0,0.9941176470588236,587.0,0.0,"[6.0, 7.0]",0.37184333333333264
astar,median,2,20,-1,5,True,False,14,20,11,0.9900990099009901,3,0,"[11, 9]",
astar,component,2,20,-1,5,True,False,21,24,13,0.993103448275862,3,0,"[13, 11]",
astar,bbox,2,20,-1,5,True,False,14,20,11,0.9900990099009901,3,0,"[11, 9]",
astar,minimax,2,20,-1,5,True,False,18,14,7,1.0,7,14,"[7, 7]",
ppo,,2,20,0,6,1.0,1.0,3.0,6.0,3.0,1.0,0.0,0.0,"[3.0, 3.0]",0.9035333333332988
astar,median,2,20,-1,6,True,True,3,6,3,1.0,0,0,"[3, 3]",
astar,component,2,20,-1,6,True,True,8,10,7,0.8620689655172413,0,0,"[7, 3]",
astar,bbox,2,20,-1,6,True,True,3,6,3,1.0,0,0,"[3, 3]",
astar,minimax,2,20,-1,6,True,True,3,6,3,1.0,0,0,"[3, 3]",
ppo,,2,20,0,7,0.0,0.0,300.0,9.0,5.0,0.9878048780487805,0.0,295.0,"[5.0, 4.0]",0.3701550000000002
astar,median,2,20,-1,7,True,True,3,6,3,1.0,0,0,"[3, 3]",
astar,component,2,20,-1,7,True,True,9,12,8,0.9,0,0,"[4, 8]",
astar,bbox,2,20,-1,7,True,True,3,6,3,1.0,0,0,"[3, 3]",
astar,minimax,2,20,-1,7,True,True,37,13,7,0.9941176470588236,0,20,"[7, 6]",
ppo,,2,20,0,8,0.0,0.0,300.0,6.0,4.0,0.9,298.0,0.0,"[4.0, 2.0]",0.35681733333333315
astar,median,2,20,-1,8,True,False,29,13,8,0.949438202247191,4,20,"[8, 5]",
astar,component,2,20,-1,8,True,False,15,15,9,0.9615384615384616,4,0,"[6, 9]",
astar,bbox,2,20,-1,8,True,False,29,13,8,0.949438202247191,4,20,"[8, 5]",
astar,minimax,2,20,-1,8,True,False,40,15,9,0.9615384615384616,4,20,"[9, 6]",
ppo,,2,20,0,9,0.0,0.0,300.0,9.0,9.0,0.5,300.0,0.0,"[9.0, 0.0]",0.3582190000000004
astar,median,2,20,-1,9,True,True,4,8,4,1.0,0,0,"[4, 4]",
astar,component,2,20,-1,9,True,True,31,14,8,0.98,0,40,"[6, 8]",
astar,bbox,2,20,-1,9,True,True,26,11,6,0.9918032786885246,0,0,"[5, 6]",
astar,minimax,2,20,-1,9,True,True,4,8,4,1.0,0,0,"[4, 4]",
ppo,,2,20,0,10,1.0,1.0,3.0,4.0,3.0,0.8,0.0,0.0,"[3.0, 1.0]",0.5245000000000388
astar,median,2,20,-1,10,True,True,12,4,2,1.0,0,20,"[2, 2]",
astar,component,2,20,-1,10,True,True,3,3,3,0.5,0,0,"[0, 3]",
astar,bbox,2,20,-1,10,True,True,12,4,2,1.0,0,20,"[2, 2]",
astar,minimax,2,20,-1,10,True,True,12,3,2,0.9,0,20,"[2, 1]",
ppo,,2,20,0,11,1.0,1.0,3.0,4.0,3.0,0.8,0.0,0.0,"[1.0, 3.0]",0.680633333333347
astar,median,2,20,-1,11,True,True,3,6,3,1.0,0,0,"[3, 3]",
astar,component,2,20,-1,11,True,True,8,10,7,0.8620689655172413,0,0,"[7, 3]",
astar,bbox,2,20,-1,11,True,True,3,6,3,1.0,0,0,"[3, 3]",
astar,minimax,2,20,-1,11,True,True,4,8,4,1.0,0,0,"[4, 4]",
ppo,,2,20,0,12,1.0,0.0,10.0,13.0,10.0,0.7752293577981652,7.0,0.0,"[10.0, 3.0]",0.448650000000006
astar,median,2,20,-1,12,True,False,9,14,9,0.9245283018867925,4,0,"[9, 5]",
astar,component,2,20,-1,12,True,False,21,21,13,0.9463519313304721,4,0,"[8, 13]",
astar,bbox,2,20,-1,12,True,False,9,14,9,0.9245283018867925,4,0,"[9, 5]",
astar,minimax,2,20,-1,12,True,False,39,25,16,0.9272997032640949,13,0,"[16, 9]",
ppo,,2,20,0,13,0.0,0.0,300.0,14.0,7.0,1.0,586.0,0.0,"[7.0, 7.0]",0.3682356666666668
astar,median,2,20,-1,13,True,False,13,24,13,0.993103448275862,2,0,"[11, 13]",
astar,component,2,20,-1,13,True,False,41,54,31,0.978523489932886,7,0,"[31, 23]",
astar,bbox,2,20,-1,13,True,False,13,24,13,0.993103448275862,2,0,"[11, 13]",
astar,minimax,2,20,-1,13,True,True,13,26,13,1.0,0,0,"[13, 13]",
ppo,,2,20,0,14,1.0,0.0,11.0,14.0,11.0,0.7538461538461538,8.0,0.0,"[3.0, 11.0]",0.4126181818181978
astar,median,2,20,-1,14,True,True,7,14,7,1.0,0,0,"[7, 7]",
astar,component,2,20,-1,14,True,True,22,32,17,0.9961089494163424,0,0,"[17, 15]",
astar,bbox,2,20,-1,14,True,True,7,14,7,1.0,0,0,"[7, 7]",
astar,minimax,2,20,-1,14,True,True,8,16,8,1.0,0,0,"[8, 8]",
ppo,,2,20,0,15,0.0,0.0,300.0,1.0,1.0,0.5,599.0,0.0,"[1.0, 0.0]",0.3535353333333324
astar,median,2,20,-1,15,True,False,11,18,11,0.9529411764705882,4,0,"[7, 11]",
astar,component,2,20,-1,15,True,False,27,31,17,0.9907216494845361,4,0,"[14, 17]",
astar,bbox,2,20,-1,15,True,False,11,18,11,0.9529411764705882,4,0,"[7, 11]",
astar,minimax,2,20,-1,15,True,False,12,20,12,0.9615384615384616,4,0,"[8, 12]",
ppo,,2,20,0,16,1.0,1.0,4.0,8.0,4.0,1.0,0.0,0.0,"[4.0, 4.0]",0.5855000000000166
astar,median,2,20,-1,16,True,True,3,6,3,1.0,0,0,"[3, 3]",
astar,component,2,20,-1,16,True,True,8,10,7,0.8620689655172413,0,0,"[3, 7]",
astar,bbox,2,20,-1,16,True,True,3,6,3,1.0,0,0,"[3, 3]",
astar,minimax,2,20,-1,16,True,True,4,8,4,1.0,0,0,"[4, 4]",
ppo,,2,20,0,17,1.0,1.0,4.0,8.0,4.0,1.0,0.0,0.0,"[4.0, 4.0]",0.4717749999999521
astar,median,2,20,-1,17,True,True,5,10,5,1.0,0,0,"[5, 5]",
astar,component,2,20,-1,17,True,True,12,16,9,0.9846153846153847,0,0,"[7, 9]",
astar,bbox,2,20,-1,17,True,True,5,10,5,1.0,0,0,"[5, 5]",
astar,minimax,2,20,-1,17,True,True,6,12,6,1.0,0,0,"[6, 6]",
ppo,,2,20,0,18,1.0,1.0,4.0,8.0,4.0,1.0,0.0,0.0,"[4.0, 4.0]",0.5313249999999714
astar,median,2,20,-1,18,True,True,4,8,4,1.0,0,0,"[4, 4]",
astar,component,2,20,-1,18,True,True,12,16,9,0.9846153846153847,0,0,"[7, 9]",
astar,bbox,2,20,-1,18,True,True,4,8,4,1.0,0,0,"[4, 4]",
astar,minimax,2,20,-1,18,True,True,5,10,5,1.0,0,0,"[5, 5]",
ppo,,2,20,0,19,1.0,1.0,1.0,2.0,1.0,1.0,0.0,0.0,"[1.0, 1.0]",0.8953999999996576
astar,median,2,20,-1,19,True,True,1,2,1,1.0,0,0,"[1, 1]",
astar,component,2,20,-1,19,True,True,1,1,1,0.5,0,0,"[0, 1]",
astar,bbox,2,20,-1,19,True,True,1,2,1,1.0,0,0,"[1, 1]",
astar,minimax,2,20,-1,19,True,True,1,2,1,1.0,0,0,"[1, 1]",
ppo,,2,20,1,0,0.0,0.0,300.0,16.0,8.0,1.0,292.0,0.0,"[8.0, 8.0]",0.37858433333333313
ppo,,2,20,1,1,0.0,0.0,300.0,22.0,13.0,0.968,578.0,0.0,"[9.0, 13.0]",0.3905033333333326
ppo,,2,20,1,2,0.0,0.0,300.0,10.0,7.0,0.8620689655172413,590.0,0.0,"[7.0, 3.0]",0.36768633333333395
ppo,,2,20,1,3,1.0,1.0,9.0,18.0,9.0,1.0,0.0,0.0,"[9.0, 9.0]",0.4641999999999887
ppo,,2,20,1,4,1.0,1.0,7.0,14.0,7.0,1.0,0.0,0.0,"[7.0, 7.0]",0.5393571428571013
ppo,,2,20,1,5,0.0,0.0,300.0,14.0,7.0,1.0,293.0,0.0,"[7.0, 7.0]",0.36757500000000076
ppo,,2,20,1,6,1.0,1.0,3.0,6.0,3.0,1.0,0.0,0.0,"[3.0, 3.0]",0.8456666666667445
ppo,,2,20,1,7,1.0,0.0,5.0,7.0,5.0,0.8448275862068966,3.0,0.0,"[5.0, 2.0]",0.5972399999999212
ppo,,2,20,1,8,0.0,0.0,300.0,6.0,4.0,0.9,594.0,0.0,"[4.0, 2.0]",0.35990433333333327
ppo,,2,20,1,9,0.0,0.0,300.0,9.0,9.0,0.5,300.0,0.0,"[9.0, 0.0]",0.38011699999999904
ppo,,2,20,1,10,1.0,1.0,3.0,4.0,3.0,0.8,0.0,0.0,"[3.0, 1.0]",0.571033333333304
ppo,,2,20,1,11,1.0,1.0,4.0,8.0,4.0,1.0,0.0,0.0,"[4.0, 4.0]",0.5364499999997996
ppo,,2,20,1,12,0.0,0.0,300.0,12.0,11.0,0.5901639344262295,7.0,0.0,"[11.0, 1.0]",0.38933866666666833
ppo,,2,20,1,13,1.0,1.0,11.0,22.0,11.0,1.0,0.0,0.0,"[11.0, 11.0]",0.5397454545454523
ppo,,2,20,1,14,0.0,0.0,300.0,15.0,15.0,0.5,13.0,0.0,"[0.0, 15.0]",0.37238233333333426
ppo,,2,20,1,15,0.0,0.0,300.0,1.0,1.0,0.5,599.0,0.0,"[1.0, 0.0]",0.3646539999999998
ppo,,2,20,1,16,1.0,1.0,3.0,6.0,3.0,1.0,0.0,0.0,"[3.0, 3.0]",0.6877666666665524
ppo,,2,20,1,17,1.0,1.0,4.0,8.0,4.0,1.0,0.0,0.0,"[4.0, 4.0]",0.5709250000001109
ppo,,2,20,1,18,1.0,1.0,4.0,8.0,4.0,1.0,0.0,0.0,"[4.0, 4.0]",0.549350000000004
ppo,,2,20,1,19,1.0,1.0,1.0,2.0,1.0,1.0,0.0,0.0,"[1.0, 1.0]",1.128000000000462
ppo,,2,20,2,0,1.0,1.0,8.0,16.0,8.0,1.0,0.0,0.0,"[8.0, 8.0]",0.5391750000000028
ppo,,2,20,2,1,1.0,1.0,10.0,20.0,10.0,1.0,0.0,0.0,"[10.0, 10.0]",0.43410000000001503
ppo,,2,20,2,2,0.0,0.0,300.0,4.0,3.0,0.8,596.0,0.0,"[1.0, 3.0]",0.36225566666666725
ppo,,2,20,2,3,1.0,1.0,8.0,16.0,8.0,1.0,0.0,0.0,"[8.0, 8.0]",0.473087499999969
ppo,,2,20,2,4,1.0,1.0,7.0,14.0,7.0,1.0,0.0,0.0,"[7.0, 7.0]",0.4908714285714361
ppo,,2,20,2,5,0.0,0.0,300.0,12.0,7.0,0.972972972972973,294.0,0.0,"[5.0, 7.0]",0.3726946666666672
ppo,,2,20,2,6,1.0,1.0,4.0,8.0,4.0,1.0,0.0,0.0,"[4.0, 4.0]",0.8495749999999358
ppo,,2,20,2,7,0.0,0.0,300.0,7.0,5.0,0.8448275862068966,1.0,0.0,"[5.0, 2.0]",0.3901523333333312
ppo,,2,20,2,8,0.0,0.0,300.0,6.0,4.0,0.9,594.0,0.0,"[4.0, 2.0]",0.3942956666666664
ppo,,2,20,2,9,0.0,0.0,300.0,1.0,1.0,0.5,599.0,0.0,"[1.0, 0.0]",0.39461433333333257
ppo,,2,20,2,10,0.0,0.0,300.0,5.0,4.0,0.7352941176470589,0.0,0.0,"[4.0, 1.0]",0.3889336666666665
ppo,,2,20,2,11,1.0,1.0,2.0,4.0,2.0,1.0,0.0,0.0,"[2.0, 2.0]",0.6968499999997491
ppo,,2,20,2,12,1.0,0.0,12.0,16.0,12.0,0.8,8.0,0.0,"[12.0, 4.0]",0.4610916666666724
ppo,,2,20,2,13,0.0,0.0,300.0,16.0,13.0,0.7191011235955056,584.0,0.0,"[3.0, 13.0]",0.39541433333333487
ppo,,2,20,2,14,1.0,0.0,9.0,13.0,9.0,0.8711340206185567,5.0,0.0,"[4.0, 9.0]",0.47286666666668253
ppo,,2,20,2,15,0.0,0.0,300.0,1.0,1.0,0.5,599.0,0.0,"[1.0, 0.0]",0.390854333333334
ppo,,2,20,2,16,1.0,1.0,3.0,6.0,3.0,1.0,0.0,0.0,"[3.0, 3.0]",0.5780999999999518
ppo,,2,20,2,17,1.0,1.0,4.0,8.0,4.0,1.0,0.0,0.0,"[4.0, 4.0]",0.48285000000003464
ppo,,2,20,2,18,1.0,1.0,4.0,8.0,4.0,1.0,0.0,0.0,"[4.0, 4.0]",0.590949999999868
ppo,,2,20,2,19,1.0,1.0,1.0,2.0,1.0,1.0,0.0,0.0,"[1.0, 1.0]",0.910400000000422
ppo,,3,20,0,0,0.0,0.0,300.0,17.0,9.0,0.8525073746312685,587.0,0.0,"[4.0, 9.0, 4.0]",0.436656666666666
astar,median,3,20,-1,0,True,False,21,20,18,0.4065040650406504,3,0,"[2, 18, 0]",
astar,component,3,20,-1,0,True,False,51,53,25,0.9206817436905933,3,10,"[14, 25, 14]",
astar,bbox,3,20,-1,0,True,False,14,30,10,1.0,4,0,"[10, 10, 10]",
astar,minimax,3,20,-1,0,True,False,12,28,10,0.98989898989899,4,0,"[10, 8, 10]",
ppo,,3,20,0,1,0.0,0.0,300.0,26.0,14.0,0.8164251207729468,17.0,0.0,"[4.0, 8.0, 14.0]",0.43094566666666745
astar,median,3,20,-1,1,True,False,12,29,11,0.9836257309941521,2,0,"[11, 8, 10]",
astar,component,3,20,-1,1,True,False,28,55,23,0.966762543943752,6,0,"[23, 17, 15]",
astar,bbox,3,20,-1,1,True,False,27,31,15,0.9023474178403755,2,42,"[15, 7, 9]",
astar,minimax,3,20,-1,1,True,False,11,30,11,0.9933774834437086,2,0,"[10, 9, 11]",
ppo,,3,20,0,2,0.0,0.0,300.0,305.0,300.0,0.3444872777635823,297.0,0.0,"[300.0, 2.0, 3.0]",0.44046866666666534
astar,median,3,20,-1,2,True,False,37,20,15,0.5602240896358543,2,10,"[2, 3, 15]",
astar,component,3,20,-1,2,True,False,56,32,21,0.6799468791500664,2,100,"[5, 6, 21]",
astar,bbox,3,20,-1,2,True,False,16,18,12,0.6666666666666666,2,26,"[3, 3, 12]",
astar,minimax,3,20,-1,2,True,False,38,40,14,0.9987515605493134,4,23,"[14, 13, 13]",
ppo,,3,20,0,3,0.0,0.0,300.0,9.0,5.0,0.6585365853658537,296.0,0.0,"[5.0, 0.0, 4.0]",0.42145899999999814
astar,median,3,20,-1,3,True,False,11,22,11,0.7831715210355987,1,0,"[11, 2, 9]",
astar,component,3,20,-1,3,True,False,18,32,13,0.9752380952380952,9,0,"[10, 9, 13]",
astar,bbox,3,20,-1,3,True,False,27,38,14,0.9944903581267218,5,0,"[14, 12, 12]",
astar,minimax,3,20,-1,3,True,False,14,31,14,0.9393939393939394,9,0,"[14, 8, 9]",
ppo,,3,20,0,4,0.0,0.0,300.0,8.0,6.0,0.5333333333333333,294.0,0.0,"[2.0, 0.0, 6.0]",0.4268440000000003
astar,median,3,20,-1,4,True,True,15,17,15,0.4243759177679883,0,0,"[1, 1, 15]",
astar,component,3,20,-1,4,True,True,24,45,21,0.9259259259259259,0,0,"[12, 12, 21]",
astar,bbox,3,20,-1,4,True,True,20,28,10,0.9974554707379135,0,0,"[9, 9, 10]",
astar,minimax,3,20,-1,4,True,True,8,24,8,1.0,0,0,"[8, 8, 8]",
ppo,,3,20,0,5,0.0,0.0,300.0,18.0,6.0,1.0,293.0,0.0,"[6.0, 6.0, 6.0]",0.43094333333333346
astar,median,3,20,-1,5,True,False,13,18,9,0.8852459016393442,4,0,"[9, 4, 5]",
astar,component,3,20,-1,5,True,False,21,36,14,0.9863013698630136,12,0,"[11, 14, 11]",
astar,bbox,3,20,-1,5,True,False,11,20,7,0.9950248756218906,4,0,"[7, 6, 7]",
astar,minimax,3,20,-1,5,True,False,11,22,8,0.9958847736625515,4,0,"[7, 7, 8]",
ppo,,3,20,0,6,0.0,0.0,300.0,13.0,6.0,0.8666666666666667,298.0,0.0,"[6.0, 5.0, 2.0]",0.41443666666666584
astar,median,3,20,-1,6,True,False,29,28,26,0.3843137254901961,3,0,"[2, 0, 26]",
astar,component,3,20,-1,6,True,False,43,87,29,1.0,3,0,"[29, 29, 29]",
astar,bbox,3,20,-1,6,True,False,15,42,15,0.98989898989899,3,0,"[15, 15, 12]",
astar,minimax,3,20,-1,6,True,False,16,43,16,0.9924852388620504,3,0,"[16, 14, 13]",
ppo,,3,20,0,7,0.0,0.0,300.0,4.0,4.0,0.3333333333333333,301.0,0.0,"[4.0, 0.0, 0.0]",0.39562500000000017
astar,median,3,20,-1,7,True,False,17,19,11,0.7763440860215054,9,0,"[5, 11, 3]",
astar,component,3,20,-1,7,True,False,17,27,11,0.9681274900398407,6,0,"[7, 11, 9]",
astar,bbox,3,20,-1,7,True,False,39,29,13,0.9375696767001115,9,3,"[9, 13, 7]",
astar,minimax,3,20,-1,7,True,False,75,35,13,0.9745425616547335,6,40,"[13, 9, 13]",
ppo,,3,20,0,8,0.0,0.0,300.0,5.0,2.0,0.9259259259259259,596.0,0.0,"[2.0, 2.0, 1.0]",0.39451000000000275
astar,median,3,20,-1,8,True,False,12,18,9,0.8852459016393442,6,0,"[9, 5, 4]",
astar,component,3,20,-1,8,True,False,21,34,15,0.9490968801313628,5,0,"[15, 9, 10]",
astar,bbox,3,20,-1,8,True,True,7,21,7,1.0,0,0,"[7, 7, 7]",
astar,minimax,3,20,-1,8,True,False,13,22,8,0.9958847736625515,11,0,"[7, 8, 7]",
ppo,,3,20,0,9,0.0,0.0,300.0,5.0,3.0,0.6410256410256411,298.0,0.0,"[2.0, 3.0, 0.0]",0.389330999999998
astar,median,3,20,-1,9,True,True,39,13,8,0.6954732510288066,0,34,"[8, 4, 1]",
astar,component,3,20,-1,9,True,True,31,25,10,0.9600614439324117,0,20,"[9, 6, 10]",
astar,bbox,3,20,-1,9,True,False,18,18,8,0.9310344827586207,5,3,"[6, 8, 4]",
astar,minimax,3,20,-1,9,True,True,37,15,7,0.8426966292134831,0,20,"[7, 6, 2]",
ppo,,3,20,0,10,0.0,0.0,300.0,15.0,10.0,0.6637168141592921,290.0,0.0,"[3.0, 2.0, 10.0]",0.3942023333333319
astar,median,3,20,-1,10,True,True,8,13,8,0.6329588014981273,0,0,"[0, 5, 8]",
astar,component,3,20,-1,10,True,True,13,27,12,0.9033457249070632,0,0,"[10, 5, 12]",
astar,bbox,3,20,-1,10,True,True,7,18,7,0.9473684210526315,0,0,"[4, 7, 7]",
astar,minimax,3,20,-1,10,True,True,7,16,7,0.8366013071895425,0,0,"[2, 7, 7]",
ppo,,3,20,0,11,1.0,1.0,5.0,9.0,5.0,0.6585365853658537,0.0,0.0,"[4.0, 5.0, 0.0]",0.5528599999999884
astar,median,3,20,-1,11,True,True,5,10,5,0.6666666666666666,0,0,"[5, 5, 0]",
astar,component,3,20,-1,11,True,True,5,10,5,0.6666666666666666,0,0,"[5, 5, 0]",
astar,bbox,3,20,-1,11,True,True,5,13,5,0.9548022598870056,0,0,"[5, 5, 3]",
astar,minimax,3,20,-1,11,True,True,5,11,5,0.7908496732026143,0,0,"[5, 5, 1]",
ppo,,3,20,0,12,0.0,0.0,300.0,8.0,6.0,0.5333333333333333,298.0,0.0,"[6.0, 0.0, 2.0]",0.3843726666666658
astar,median,3,20,-1,12,True,False,19,22,13,0.6453333333333333,6,0,"[9, 0, 13]",
astar,component,3,20,-1,12,True,False,25,32,17,0.8244766505636071,8,0,"[5, 10, 17]",
astar,bbox,3,20,-1,12,True,False,38,37,14,0.9898770788141721,6,0,"[14, 11, 12]",
astar,minimax,3,20,-1,12,True,False,79,36,17,0.9113924050632911,10,40,"[17, 8, 11]",
ppo,,3,20,0,13,0.0,0.0,300.0,13.0,7.0,0.6627450980392157,587.0,0.0,"[7.0, 6.0, 0.0]",0.4094476666666669
astar,median,3,20,-1,13,True,False,22,30,16,0.704225352112676,10,0,"[16, 13, 1]",
astar,component,3,20,-1,13,True,False,19,44,18,0.9490196078431372,1,0,"[18, 10, 16]",
astar,bbox,3,20,-1,13,True,False,18,38,14,0.9944903581267218,12,0,"[12, 14, 12]",
astar,minimax,3,20,-1,13,True,False,16,30,14,0.8426966292134831,6,0,"[14, 12, 4]",
ppo,,3,20,0,14,0.0,0.0,300.0,21.0,12.0,0.7461928934010152,871.0,6.0,"[7.0, 2.0, 12.0]",0.41046099999999974
astar,median,3,20,-1,14,True,False,23,22,17,0.5138004246284501,6,0,"[5, 0, 17]",
astar,component,3,20,-1,14,True,False,22,42,17,0.9702970297029703,4,0,"[14, 11, 17]",
astar,bbox,3,20,-1,14,True,False,34,36,13,0.9953917050691244,3,20,"[11, 12, 13]",
astar,minimax,3,20,-1,14,True,False,10,25,10,0.9259259259259259,4,0,"[10, 5, 10]",
ppo,,3,20,0,15,0.0,0.0,300.0,11.0,11.0,0.3333333333333333,600.0,0.0,"[0.0, 0.0, 11.0]",0.3999906666666675
astar,median,3,20,-1,15,True,False,16,23,14,0.7081659973226239,2,0,"[7, 14, 2]",
astar,component,3,20,-1,15,True,True,21,42,21,0.8828828828828829,0,0,"[12, 21, 9]",
astar,bbox,3,20,-1,15,True,True,9,25,9,0.9873617693522907,0,0,"[9, 9, 7]",
astar,minimax,3,20,-1,15,True,False,13,26,11,0.9467787114845938,4,0,"[11, 9, 6]",
ppo,,3,20,0,16,1.0,1.0,5.0,11.0,5.0,0.8962962962962963,0.0,1.0,"[4.0, 5.0, 2.0]",0.556599999999996
astar,median,3,20,-1,16,True,True,5,9,5,0.7714285714285715,0,0,"[3, 5, 1]",
astar,component,3,20,-1,16,True,True,6,10,6,0.7575757575757576,0,0,"[2, 6, 2]",
astar,bbox,3,20,-1,16,True,True,4,12,4,1.0,0,0,"[4, 4, 4]",
astar,minimax,3,20,-1,16,True,True,5,13,5,0.9548022598870056,0,0,"[5, 5, 3]",
ppo,,3,20,0,17,1.0,1.0,5.0,10.0,5.0,0.8771929824561403,0.0,0.0,"[3.0, 5.0, 2.0]",0.4891000000000645
astar,median,3,20,-1,17,True,True,5,9,5,0.6585365853658537,0,0,"[4, 5, 0]",
astar,component,3,20,-1,17,True,True,8,17,7,0.9003115264797508,0,0,"[7, 3, 7]",
astar,bbox,3,20,-1,17,True,True,5,11,5,0.7908496732026143,0,0,"[5, 5, 1]",
astar,minimax,3,20,-1,17,True,True,5,11,5,0.7908496732026143,0,0,"[5, 5, 1]",
ppo,,3,20,0,18,0.0,0.0,300.0,14.0,10.0,0.6049382716049383,588.0,0.0,"[2.0, 2.0, 10.0]",0.40236933333333447
astar,median,3,20,-1,18,True,True,9,18,9,0.6666666666666666,0,0,"[0, 9, 9]",
astar,component,3,20,-1,18,True,False,21,33,12,0.983739837398374,9,6,"[9, 12, 12]",
astar,bbox,3,20,-1,18,True,False,32,36,15,0.968609865470852,9,32,"[11, 10, 15]",
astar,minimax,3,20,-1,18,True,False,43,26,11,0.9467787114845938,4,20,"[6, 9, 11]",
ppo,,3,20,0,19,0.0,0.0,300.0,23.0,9.0,0.9742173112338858,586.0,0.0,"[8.0, 9.0, 6.0]",0.4036283333333361
astar,median,3,20,-1,19,True,True,18,21,18,0.44144144144144143,0,0,"[18, 3, 0]",
astar,component,3,20,-1,19,True,False,36,66,29,0.9490196078431372,6,1,"[29, 17, 20]",
astar,bbox,3,20,-1,19,True,True,45,33,13,0.9628647214854111,0,80,"[12, 13, 8]",
astar,minimax,3,20,-1,19,True,True,33,36,13,0.9863013698630136,0,10,"[13, 13, 10]",
ppo,,3,20,1,0,0.0,0.0,300.0,20.0,9.0,0.8032128514056225,291.0,0.0,"[9.0, 9.0, 2.0]",0.41853433333333356
ppo,,3,20,1,1,0.0,0.0,300.0,16.0,7.0,0.9481481481481482,296.0,0.0,"[4.0, 5.0, 7.0]",0.39186833333333243
ppo,,3,20,1,2,0.0,0.0,300.0,8.0,3.0,0.9696969696969697,596.0,296.0,"[2.0, 3.0, 3.0]",0.401791333333333
ppo,,3,20,1,3,0.0,0.0,300.0,21.0,15.0,0.6,303.0,0.0,"[15.0, 2.0, 4.0]",0.40740399999999494
ppo,,3,20,1,4,0.0,0.0,300.0,18.0,6.0,1.0,588.0,0.0,"[6.0, 6.0, 6.0]",0.39400699999999844
ppo,,3,20,1,5,0.0,0.0,300.0,20.0,8.0,0.9803921568627451,880.0,0.0,"[6.0, 8.0, 6.0]",0.40734366666666705
ppo,,3,20,1,6,0.0,0.0,300.0,23.0,11.0,0.7837037037037037,588.0,0.0,"[11.0, 10.0, 2.0]",0.3999723333333331
ppo,,3,20,1,7,0.0,0.0,300.0,20.0,10.0,0.7936507936507936,300.0,0.0,"[10.0, 2.0, 8.0]",0.398539333333332
ppo,,3,20,1,8,0.0,0.0,300.0,8.0,4.0,0.8888888888888888,892.0,0.0,"[2.0, 2.0, 4.0]",0.3995620000000007
ppo,,3,20,1,9,0.0,0.0,300.0,7.0,4.0,0.6533333333333333,1.0,296.0,"[3.0, 4.0, 0.0]",0.4037873333333349
ppo,,3,20,1,10,0.0,0.0,300.0,15.0,8.0,0.8064516129032258,0.0,0.0,"[2.0, 8.0, 5.0]",0.3888289999999965
ppo,,3,20,1,11,1.0,1.0,5.0,10.0,5.0,0.6666666666666666,0.0,0.0,"[5.0, 5.0, 0.0]",0.5236399999997587
ppo,,3,20,1,12,0.0,0.0,300.0,21.0,12.0,0.7461928934010152,300.0,288.0,"[12.0, 7.0, 2.0]",0.4347916666666644
ppo,,3,20,1,13,0.0,0.0,300.0,16.0,10.0,0.6274509803921569,584.0,0.0,"[10.0, 6.0, 0.0]",0.4678446666666681
ppo,,3,20,1,14,0.0,0.0,300.0,28.0,11.0,0.9679012345679012,581.0,0.0,"[7.0, 10.0, 11.0]",0.43563066666666356
ppo,,3,20,1,15,0.0,0.0,300.0,1.0,1.0,0.3333333333333333,600.0,0.0,"[0.0, 0.0, 1.0]",0.41723166666666717
ppo,,3,20,1,16,1.0,1.0,9.0,11.0,9.0,0.4745098039215686,0.0,0.0,"[2.0, 9.0, 0.0]",0.4741444444444909
ppo,,3,20,1,17,1.0,1.0,5.0,13.0,5.0,0.9548022598870056,0.0,0.0,"[5.0, 5.0, 3.0]",0.5258200000000102
ppo,,3,20,1,18,0.0,0.0,300.0,14.0,10.0,0.6049382716049383,588.0,0.0,"[2.0, 2.0, 10.0]",0.4152763333333335
ppo,,3,20,1,19,0.0,0.0,300.0,25.0,12.0,0.894134477825465,0.0,292.0,"[12.0, 8.0, 5.0]",0.4139303333333307
ppo,,3,20,2,0,0.0,0.0,300.0,18.0,8.0,0.8852459016393442,0.0,0.0,"[7.0, 8.0, 3.0]",0.41540500000000574
ppo,,3,20,2,1,0.0,0.0,300.0,19.0,9.0,0.9047619047619048,587.0,0.0,"[4.0, 9.0, 6.0]",0.4098796666666675
ppo,,3,20,2,2,0.0,0.0,300.0,10.0,4.0,0.9803921568627451,299.0,0.0,"[3.0, 4.0, 3.0]",0.4123323333333377
ppo,,3,20,2,3,0.0,0.0,300.0,15.0,8.0,0.8064516129032258,295.0,0.0,"[8.0, 2.0, 5.0]",0.4219136666666697
ppo,,3,20,2,4,0.0,0.0,300.0,16.0,6.0,0.9922480620155039,294.0,0.0,"[5.0, 5.0, 6.0]",0.4188610000000044
ppo,,3,20,2,5,0.0,0.0,300.0,19.0,7.0,0.9944903581267218,587.0,0.0,"[6.0, 7.0, 6.0]",0.4147349999999979
ppo,,3,20,2,6,0.0,0.0,300.0,24.0,12.0,0.7741935483870968,588.0,0.0,"[12.0, 10.0, 2.0]",0.40494066666666956
ppo,,3,20,2,7,0.0,0.0,300.0,3.0,3.0,0.3333333333333333,1.0,0.0,"[3.0, 0.0, 0.0]",0.4111983333333373
ppo,,3,20,2,8,0.0,0.0,300.0,11.0,5.0,0.8962962962962963,299.0,0.0,"[2.0, 5.0, 4.0]",0.4034263333333321
ppo,,3,20,2,9,0.0,0.0,300.0,11.0,5.0,0.7908496732026143,4.0,0.0,"[5.0, 5.0, 1.0]",0.41768999999999795
ppo,,3,20,2,10,1.0,1.0,7.0,15.0,7.0,0.7575757575757576,0.0,0.0,"[1.0, 7.0, 7.0]",0.5004714285714584
ppo,,3,20,2,11,1.0,1.0,5.0,10.0,5.0,0.6666666666666666,0.0,0.0,"[5.0, 5.0, 0.0]",0.4729599999997447
ppo,,3,20,2,12,0.0,0.0,300.0,21.0,12.0,0.7461928934010152,297.0,288.0,"[12.0, 7.0, 2.0]",0.42442366666666825
ppo,,3,20,2,13,0.0,0.0,300.0,13.0,7.0,0.6627450980392157,887.0,0.0,"[7.0, 6.0, 0.0]",0.4120826666666666
ppo,,3,20,2,14,0.0,0.0,300.0,26.0,12.0,0.9234972677595629,579.0,0.0,"[8.0, 6.0, 12.0]",0.4240819999999997
ppo,,3,20,2,15,0.0,0.0,300.0,300.0,300.0,0.3333333333333333,600.0,0.0,"[0.0, 0.0, 300.0]",0.4104189999999974
ppo,,3,20,2,16,1.0,1.0,10.0,12.0,10.0,0.46153846153846156,0.0,0.0,"[0.0, 10.0, 2.0]",0.4573200000001165
ppo,,3,20,2,17,1.0,1.0,5.0,12.0,5.0,0.8888888888888888,0.0,0.0,"[5.0, 5.0, 2.0]",0.4959199999998276
ppo,,3,20,2,18,0.0,0.0,300.0,15.0,10.0,0.6637168141592921,588.0,0.0,"[3.0, 2.0, 10.0]",0.41483233333333186
ppo,,3,20,2,19,0.0,0.0,300.0,32.0,13.0,0.9642184557438794,2.0,289.0,"[13.0, 11.0, 8.0]",0.43331333333333316
ppo,,4,20,0,0,0.0,0.0,300.0,28.0,11.0,0.7368421052631579,292.0,289.0,"[9.0, 11.0, 8.0, 0.0]",0.46224833333332904
astar,median,4,20,-1,0,True,False,91,51,25,0.7623094958968347,9,68,"[8, 8, 25, 10]",
astar,component,4,20,-1,0,True,True,61,50,20,0.8852691218130312,0,67,"[9, 9, 20, 12]",
astar,bbox,4,20,-1,0,True,True,33,32,10,0.9624060150375939,0,87,"[7, 9, 10, 6]",
astar,minimax,4,20,-1,0,True,False,63,34,10,0.9897260273972602,11,136,"[8, 8, 10, 8]",
ppo,,4,20,0,1,0.0,0.0,300.0,29.0,13.0,0.8180933852140078,296.0,0.0,"[6.0, 6.0, 4.0, 13.0]",0.4549700000000041
astar,median,4,20,-1,1,True,False,20,38,20,0.5486322188449848,4,0,"[1, 1, 16, 20]",
astar,component,4,20,-1,1,True,False,20,58,18,0.9688940092165899,1,0,"[12, 12, 16, 18]",
astar,bbox,4,20,-1,1,True,False,12,35,12,0.9540498442367601,1,12,"[8, 8, 7, 12]",
astar,minimax,4,20,-1,1,True,False,63,47,13,0.9914721723518851,1,91,"[12, 12, 10, 13]",
ppo,,4,20,0,2,0.0,0.0,300.0,7.0,3.0,0.7205882352941176,297.0,0.0,"[2.0, 2.0, 0.0, 3.0]",0.44750766666666664
astar,median,4,20,-1,2,True,False,14,17,12,0.4722222222222222,2,0,"[2, 2, 1, 12]",
astar,component,4,20,-1,2,True,False,14,17,12,0.4722222222222222,2,0,"[2, 1, 2, 12]",
astar,bbox,4,20,-1,2,True,False,38,31,12,0.8429824561403508,2,101,"[4, 5, 10, 12]",
astar,minimax,4,20,-1,2,True,False,14,23,11,0.7733918128654971,5,26,"[5, 4, 3, 11]",
ppo,,4,20,0,3,0.0,0.0,300.0,25.0,10.0,0.8632596685082873,879.0,0.0,"[4.0, 7.0, 4.0, 10.0]",0.4448583333333348
astar,median,4,20,-1,3,True,False,18,35,12,0.8299457994579946,7,0,"[2, 12, 10, 11]",
astar,component,4,20,-1,3,True,False,87,107,30,0.9832531776021985,15,71,"[21, 30, 29, 27]",
astar,bbox,4,20,-1,3,True,False,92,62,20,0.9707070707070707,5,158,"[13, 20, 14, 15]",
astar,minimax,4,20,-1,3,True,False,62,51,15,0.935611510791367,12,56,"[7, 15, 15, 14]",
ppo,,4,20,0,4,0.0,0.0,300.0,25.0,15.0,0.6032818532818532,293.0,0.0,"[4.0, 3.0, 3.0, 15.0]",0.4487659999999967
astar,median,4,20,-1,4,True,False,69,44,17,0.8673835125448028,7,139,"[10, 12, 5, 17]",
astar,component,4,20,-1,4,True,False,18,55,15,0.9963768115942029,7,5,"[13, 14, 15, 13]",
astar,bbox,4,20,-1,4,True,False,32,50,16,0.9704968944099379,11,47,"[12, 10, 12, 16]",
astar,minimax,4,20,-1,4,True,True,52,36,12,0.9257142857142857,0,61,"[11, 7, 6, 12]",
ppo,,4,20,0,5,0.0,0.0,300.0,14.0,7.0,0.5697674418604651,886.0,0.0,"[0.0, 1.0, 7.0, 6.0]",0.4508180000000018
astar,median,4,20,-1,5,True,False,15,32,12,0.8366013071895425,7,0,"[4, 5, 12, 11]",
astar,component,4,20,-1,5,True,False,102,81,22,0.9959016393442623,15,128,"[21, 19, 19, 22]",
astar,bbox,4,20,-1,5,True,False,16,38,13,0.9352331606217616,9,0,"[6, 9, 13, 10]",
astar,minimax,4,20,-1,5,True,False,16,32,13,0.8258064516129032,9,0,"[5, 4, 13, 10]",
ppo,,4,20,0,6,0.0,0.0,300.0,36.0,13.0,0.9050279329608939,8.0,0.0,"[8.0, 10.0, 5.0, 13.0]",0.453680666666667
astar,median,4,20,-1,6,True,False,19,46,13,0.9906367041198502,7,16,"[10, 11, 12, 13]",
astar,component,4,20,-1,6,True,False,30,78,21,0.9889466840052016,4,0,"[20, 21, 16, 21]",
astar,bbox,4,20,-1,6,True,False,17,54,17,0.9617414248021108,7,0,"[12, 15, 10, 17]",
astar,minimax,4,20,-1,6,True,False,17,48,15,0.9696969696969697,7,2,"[10, 13, 10, 15]",
ppo,,4,20,0,7,0.0,0.0,300.0,11.0,7.0,0.5127118644067796,593.0,0.0,"[7.0, 1.0, 3.0, 0.0]",0.4514066666666671
astar,median,4,20,-1,7,True,True,42,27,12,0.7689873417721519,0,13,"[12, 5, 8, 2]",
astar,component,4,20,-1,7,True,True,12,25,11,0.8012820512820513,0,15,"[11, 3, 7, 4]",
astar,bbox,4,20,-1,7,True,False,69,43,13,0.9570393374741201,4,105,"[9, 13, 13, 8]",
astar,minimax,4,20,-1,7,True,False,134,42,12,0.9887892376681614,3,182,"[12, 10, 11, 9]",
ppo,,4,20,0,8,0.0,0.0,300.0,23.0,13.0,0.6208920187793427,5.0,287.0,"[2.0, 6.0, 13.0, 2.0]",0.46057433333333603
astar,median,4,20,-1,8,True,True,55,29,13,0.6549844236760125,0,123,"[2, 12, 13, 2]",
astar,component,4,20,-1,8,True,False,28,46,16,0.921602787456446,7,54,"[16, 7, 10, 13]",
astar,bbox,4,20,-1,8,True,False,12,28,9,0.9245283018867925,3,12,"[5, 9, 9, 5]",
astar,minimax,4,20,-1,8,True,False,24,27,11,0.7147058823529412,4,63,"[2, 11, 11, 3]",
ppo,,4,20,0,9,1.0,1.0,7.0,21.0,7.0,0.9264705882352942,0.0,0.0,"[3.0, 5.0, 7.0, 6.0]",0.5775571428571372
astar,median,4,20,-1,9,True,True,30,26,9,0.898936170212766,0,56,"[3, 9, 7, 7]",
astar,component,4,20,-1,9,True,False,23,32,11,0.9552238805970149,4,43,"[11, 7, 7, 7]",
astar,bbox,4,20,-1,9,True,True,8,26,8,0.9388888888888889,0,0,"[4, 8, 8, 6]",
astar,minimax,4,20,-1,9,True,True,8,22,8,0.9166666666666666,0,2,"[4, 6, 8, 4]",
ppo,,4,20,0,10,0.0,0.0,300.0,14.0,10.0,0.46226415094339623,587.0,290.0,"[2.0, 1.0, 1.0, 10.0]",0.4581366666666635
astar,median,4,20,-1,10,True,True,6,18,6,0.75,0,0,"[0, 6, 6, 6]",
astar,component,4,20,-1,10,True,False,32,44,22,0.7181008902077152,14,5,"[9, 3, 10, 22]",
astar,bbox,4,20,-1,10,True,True,12,30,12,0.8093525179856115,0,15,"[2, 7, 12, 9]",
astar,minimax,4,20,-1,10,True,True,6,19,6,0.8279816513761468,0,0,"[1, 6, 6, 6]",
ppo,,4,20,0,11,1.0,0.0,13.0,33.0,11.0,0.9486062717770035,8.0,0.0,"[9.0, 11.0, 7.0, 6.0]",0.5500769230769501
astar,median,4,20,-1,11,True,True,11,23,11,0.6782051282051282,0,16,"[0, 11, 5, 7]",
astar,component,4,20,-1,11,True,True,11,34,10,0.9633333333333334,0,1,"[10, 10, 6, 8]",
astar,bbox,4,20,-1,11,True,True,205,94,41,0.6771919068056407,0,433,"[4, 11, 41, 38]",
astar,minimax,4,20,-1,11,True,False,61,34,11,0.956953642384106,3,71,"[8, 11, 9, 6]",
ppo,,4,20,0,12,0.0,0.0,300.0,20.0,11.0,0.6756756756756757,6.0,289.0,"[11.0, 3.0, 3.0, 3.0]",0.4648413333333383
astar,median,4,20,-1,12,True,False,34,34,12,0.8865030674846626,2,0,"[11, 6, 12, 5]",
astar,component,4,20,-1,12,True,False,18,39,13,0.9530075187969925,9,6,"[7, 9, 13, 10]",
astar,bbox,4,20,-1,12,True,False,104,56,18,0.9514563106796117,3,177,"[18, 10, 12, 16]",
astar,minimax,4,20,-1,12,True,False,17,34,11,0.9444444444444444,5,23,"[10, 6, 11, 7]",
ppo,,4,20,0,13,0.0,0.0,300.0,8.0,3.0,0.8,893.0,0.0,"[1.0, 3.0, 1.0, 3.0]",0.451066666666667
astar,median,4,20,-1,13,False,False,300,121,66,0.6217513164599966,21,514,"[37, 9, 9, 66]",
astar,component,4,20,-1,13,True,False,150,222,68,0.9795674988074415,18,147,"[48, 49, 57, 68]",
astar,bbox,4,20,-1,13,True,False,190,82,30,0.8970117395944504,13,478,"[23, 18, 11, 30]",
astar,minimax,4,20,-1,13,False,False,300,117,55,0.6492601024473534,13,611,"[46, 9, 7, 55]",
ppo,,4,20,0,14,0.0,0.0,300.0,31.0,13.0,0.7531347962382445,587.0,0.0,"[7.0, 10.0, 1.0, 13.0]",0.45211600000000013
astar,median,4,20,-1,14,True,False,12,34,10,0.9444444444444444,7,3,"[9, 10, 5, 10]",
astar,component,4,20,-1,14,True,False,29,88,23,0.9989680082559339,4,0,"[23, 22, 21, 22]",
astar,bbox,4,20,-1,14,True,False,24,44,11,1.0,3,11,"[11, 11, 11, 11]",
astar,minimax,4,20,-1,14,True,False,12,38,12,0.916243654822335,7,3,"[9, 12, 5, 12]",
ppo,,4,20,0,15,0.0,0.0,300.0,42.0,19.0,0.7,588.0,0.0,"[10.0, 13.0, 0.0, 19.0]",0.4536153333333341
astar,median,4,20,-1,15,True,False,16,31,12,0.7392307692307692,8,0,"[1, 6, 12, 12]",
astar,component,4,20,-1,15,True,False,20,54,17,0.9370179948586118,4,0,"[8, 13, 17, 16]",
astar,bbox,4,20,-1,15,True,False,16,52,16,0.9575070821529745,4,1,"[9, 16, 12, 15]",
astar,minimax,4,20,-1,15,True,False,14,36,11,0.9364161849710982,7,0,"[5, 10, 10, 11]",
ppo,,4,20,0,16,1.0,1.0,9.0,13.0,9.0,0.4642857142857143,0.0,7.0,"[0.0, 3.0, 9.0, 1.0]",0.5300333333331982
astar,median,4,20,-1,16,True,True,4,14,4,0.9423076923076923,0,0,"[4, 2, 4, 4]",
astar,component,4,20,-1,16,True,True,8,22,8,0.8768115942028986,0,8,"[7, 3, 4, 8]",
astar,bbox,4,20,-1,16,True,True,4,14,4,0.9423076923076923,0,0,"[4, 2, 4, 4]",
astar,minimax,4,20,-1,16,True,True,5,15,5,0.9533898305084746,0,1,"[3, 3, 5, 4]",
ppo,,4,20,0,17,0.0,0.0,300.0,11.0,3.0,0.9758064516129032,298.0,594.0,"[3.0, 3.0, 2.0, 3.0]",0.4565553333333306
astar,median,4,20,-1,17,True,False,38,43,32,0.4268236380424746,6,0,"[1, 7, 32, 3]",
astar,component,4,20,-1,17,True,True,22,57,22,0.8995016611295681,0,8,"[13, 9, 22, 13]",
astar,bbox,4,20,-1,17,True,False,13,46,13,0.9796296296296296,2,0,"[11, 9, 13, 13]",
astar,minimax,4,20,-1,17,True,False,152,74,23,0.9586834733893558,17,193,"[17, 23, 21, 13]",
ppo,,4,20,0,18,0.0,0.0,300.0,15.0,10.0,0.497787610619469,588.0,0.0,"[3.0, 10.0, 2.0, 0.0]",0.4561673333333319
astar,median,4,20,-1,18,True,True,45,32,15,0.7398843930635838,0,51,"[6, 15, 9, 2]",
astar,component,4,20,-1,18,True,True,88,53,17,0.9502706359945873,0,169,"[9, 15, 17, 12]",
astar,bbox,4,20,-1,18,True,True,135,64,21,0.9660377358490566,0,279,"[13, 15, 21, 15]",
astar,minimax,4,20,-1,18,True,False,73,36,13,0.9364161849710982,3,148,"[7, 13, 8, 8]",
ppo,,4,20,0,19,0.0,0.0,300.0,320.0,300.0,0.2839837596787434,296.0,0.0,"[9.0, 300.0, 4.0, 7.0]",0.44577766666666463
astar,median,4,20,-1,19,True,False,67,58,17,0.9870892018779343,2,117,"[13, 15, 17, 13]",
astar,component,4,20,-1,19,True,False,160,204,53,0.9984644913627639,1,187,"[49, 49, 53, 53]",
astar,bbox,4,20,-1,19,True,False,47,64,17,0.9941747572815534,1,30,"[14, 17, 17, 16]",
astar,minimax,4,20,-1,19,True,True,65,52,15,0.9883040935672515,0,104,"[13, 13, 15, 11]",
ppo,,4,20,1,0,0.0,0.0,300.0,13.0,8.0,0.5487012987012987,292.0,4.0,"[2.0, 0.0, 8.0, 3.0]",0.4586133333333346
ppo,,4,20,1,1,0.0,0.0,300.0,22.0,14.0,0.55,582.0,298.0,"[2.0, 2.0, 4.0, 14.0]",0.453685333333335
ppo,,4,20,1,2,0.0,0.0,300.0,6.0,3.0,0.5,297.0,297.0,"[3.0, 0.0, 0.0, 3.0]",0.4596876666666638
ppo,,4,20,1,3,0.0,0.0,300.0,21.0,10.0,0.6681818181818182,879.0,0.0,"[0.0, 7.0, 4.0, 10.0]",0.4508260000000005
ppo,,4,20,1,4,0.0,0.0,300.0,28.0,13.0,0.7313432835820896,299.0,293.0,"[7.0, 1.0, 7.0, 13.0]",0.4537733333333331
ppo,,4,20,1,5,0.0,0.0,300.0,16.0,7.0,0.7619047619047619,588.0,0.0,"[1.0, 3.0, 7.0, 5.0]",0.4454813333333263
ppo,,4,20,1,6,0.0,0.0,300.0,19.0,8.0,0.7847826086956522,591.0,0.0,"[5.0, 5.0, 1.0, 8.0]",0.4484300000000019
ppo,,4,20,1,7,0.0,0.0,300.0,10.0,7.0,0.46296296296296297,598.0,0.0,"[7.0, 1.0, 2.0, 0.0]",0.4575549999999969
ppo,,4,20,1,8,0.0,0.0,300.0,21.0,9.0,0.8166666666666667,294.0,0.0,"[2.0, 5.0, 9.0, 5.0]",0.4442286666666699
ppo,,4,20,1,9,1.0,1.0,12.0,28.0,12.0,0.8235294117647058,0.0,0.0,"[6.0, 3.0, 12.0, 7.0]",0.4921666666666269
ppo,,4,20,1,10,0.0,0.0,300.0,12.0,8.0,0.4864864864864865,299.0,292.0,"[0.0, 1.0, 3.0, 8.0]",0.44021400000000693
ppo,,4,20,1,11,1.0,1.0,9.0,23.0,9.0,0.853225806451613,0.0,0.0,"[4.0, 7.0, 9.0, 3.0]",0.5101222222221067
ppo,,4,20,1,12,0.0,0.0,300.0,16.0,9.0,0.64,293.0,0.0,"[9.0, 1.0, 3.0, 3.0]",0.44590933333333044
ppo,,4,20,1,13,0.0,0.0,300.0,15.0,7.0,0.677710843373494,592.0,0.0,"[7.0, 5.0, 0.0, 3.0]",0.4452646666666619
ppo,,4,20,1,14,0.0,0.0,300.0,47.0,14.0,0.944017094017094,293.0,0.0,"[7.0, 12.0, 14.0, 14.0]",0.4493786666666703
ppo,,4,20,1,15,0.0,0.0,300.0,38.0,17.0,0.6915708812260536,593.0,282.0,"[8.0, 13.0, 0.0, 17.0]",0.4481939999999914
ppo,,4,20,1,16,0.0,0.0,300.0,9.0,6.0,0.45,0.0,0.0,"[0.0, 3.0, 6.0, 0.0]",0.447457
ppo,,4,20,1,17,0.0,0.0,300.0,305.0,300.0,0.2583769400837694,298.0,0.0,"[2.0, 1.0, 2.0, 300.0]",0.45005266666667154
ppo,,4,20,1,18,0.0,0.0,300.0,25.0,10.0,0.8095854922279793,301.0,287.0,"[8.0, 10.0, 5.0, 2.0]",0.4511833333333352
ppo,,4,20,1,19,0.0,0.0,300.0,24.0,8.0,0.935064935064935,883.0,0.0,"[8.0, 7.0, 4.0, 5.0]",0.45161499999998966
ppo,,4,20,2,0,0.0,0.0,300.0,16.0,8.0,0.6153846153846154,292.0,0.0,"[2.0, 0.0, 8.0, 6.0]",0.4532746666666654
ppo,,4,20,2,1,0.0,0.0,300.0,36.0,14.0,0.8617021276595744,582.0,1.0,"[8.0, 10.0, 4.0, 14.0]",0.4597436666666728
ppo,,4,20,2,2,0.0,0.0,300.0,18.0,7.0,0.826530612244898,588.0,6.0,"[7.0, 6.0, 2.0, 3.0]",0.4612029999999952
ppo,,4,20,2,3,0.0,0.0,300.0,18.0,7.0,0.7105263157894737,589.0,0.0,"[0.0, 7.0, 4.0, 7.0]",0.45530000000000587
ppo,,4,20,2,4,0.0,0.0,300.0,19.0,10.0,0.6785714285714286,593.0,0.0,"[4.0, 1.0, 4.0, 10.0]",0.46311866666666646
ppo,,4,20,2,5,0.0,0.0,300.0,19.0,7.0,0.8130630630630631,588.0,0.0,"[1.0, 6.0, 7.0, 5.0]",0.45485000000000514
ppo,,4,20,2,6,0.0,0.0,300.0,39.0,17.0,0.8107675906183369,299.0,0.0,"[4.0, 10.0, 8.0, 17.0]",0.4546803333333334
ppo,,4,20,2,7,0.0,0.0,300.0,8.0,4.0,0.6666666666666666,889.0,0.0,"[4.0, 2.0, 2.0, 0.0]",0.4586263333333325
ppo,,4,20,2,8,0.0,0.0,300.0,22.0,9.0,0.8066666666666666,2.0,291.0,"[2.0, 7.0, 9.0, 4.0]",0.4581453333333367
ppo,,4,20,2,9,0.0,0.0,300.0,15.0,5.0,0.8395522388059702,0.0,295.0,"[1.0, 4.0, 5.0, 5.0]",0.4526570000000045
ppo,,4,20,2,10,0.0,0.0,300.0,18.0,8.0,0.7105263157894737,293.0,292.0,"[0.0, 5.0, 5.0, 8.0]",0.4684123333333308
ppo,,4,20,2,11,0.0,0.0,300.0,33.0,14.0,0.8275075987841946,7.0,286.0,"[6.0, 4.0, 14.0, 9.0]",0.4601429999999951
ppo,,4,20,2,12,0.0,0.0,300.0,16.0,8.0,0.7441860465116279,594.0,0.0,"[8.0, 2.0, 3.0, 3.0]",0.4580083333333344
ppo,,4,20,2,13,0.0,0.0,300.0,11.0,4.0,0.8642857142857143,596.0,296.0,"[1.0, 4.0, 3.0, 3.0]",0.45306633333333696
ppo,,4,20,2,14,0.0,0.0,300.0,27.0,10.0,0.788961038961039,586.0,0.0,"[7.0, 10.0, 1.0, 9.0]",0.45711299999999494
ppo,,4,20,2,15,0.0,0.0,300.0,9.0,5.0,0.49390243902439024,595.0,0.0,"[0.0, 4.0, 0.0, 5.0]",0.4533136666666593
ppo,,4,20,2,16,0.0,0.0,300.0,14.0,8.0,0.49,0.0,294.0,"[0.0, 6.0, 8.0, 0.0]",0.4613780000000034
ppo,,4,20,2,17,0.0,0.0,300.0,308.0,300.0,0.26344086021505375,298.0,0.0,"[2.0, 4.0, 2.0, 300.0]",0.4589343333333318
ppo,,4,20,2,18,0.0,0.0,300.0,26.0,10.0,0.8047619047619048,1166.0,0.0,"[9.0, 10.0, 2.0, 5.0]",0.4588013333333289
ppo,,4,20,2,19,0.0,0.0,300.0,25.0,8.0,0.9245562130177515,296.0,0.0,"[8.0, 8.0, 4.0, 5.0]",0.45477366666665614
ppo,,5,20,0,0,0.0,0.0,300.0,23.0,9.0,0.7100671140939597,592.0,594.0,"[3.0, 7.0, 1.0, 3.0, 9.0]",0.5084743333333227
astar,median,5,20,-1,0,True,False,13,35,12,0.7632398753894081,9,0,"[3, 10, 8, 2, 12]",
astar,component,5,20,-1,0,True,False,106,82,23,0.9510608203677511,1,242,"[14, 13, 23, 14, 18]",
astar,bbox,5,20,-1,0,False,False,300,149,39,0.9612903225806452,19,842,"[25, 39, 30, 22, 33]",
astar,minimax,5,20,-1,0,True,False,73,48,12,0.9804255319148936,2,238,"[9, 12, 9, 8, 10]",
ppo,,5,20,0,1,0.0,0.0,300.0,33.0,12.0,0.7333333333333333,587.0,0.0,"[4.0, 10.0, 1.0, 12.0, 6.0]",0.5024436666666668
astar,median,5,20,-1,1,True,False,12,38,12,0.8494117647058823,1,3,"[8, 8, 2, 12, 8]",
astar,component,5,20,-1,1,True,False,80,79,18,0.9945816733067729,1,161,"[15, 15, 18, 16, 15]",
astar,bbox,5,20,-1,1,True,False,44,52,12,0.9797101449275363,1,145,"[8, 10, 12, 12, 10]",
astar,minimax,5,20,-1,1,True,False,198,74,18,0.9674911660777386,1,745,"[16, 16, 10, 18, 14]",
ppo,,5,20,0,2,0.0,0.0,300.0,11.0,3.0,0.8344827586206897,596.0,297.0,"[3.0, 3.0, 1.0, 1.0, 3.0]",0.4948833333333387
astar,median,5,20,-1,2,True,False,87,40,13,0.8648648648648649,6,184,"[13, 7, 4, 10, 6]",
astar,component,5,20,-1,2,True,False,198,168,36,0.9966101694915255,7,473,"[32, 36, 32, 32, 36]",
astar,bbox,5,20,-1,2,True,False,77,41,10,0.9578347578347578,6,214,"[8, 10, 9, 5, 9]",
astar,minimax,5,20,-1,2,True,False,82,43,11,0.9362025316455697,6,217,"[8, 11, 8, 5, 11]",
ppo,,5,20,0,3,0.0,0.0,300.0,39.0,10.0,0.8973451327433628,875.0,290.0,"[9.0, 7.0, 10.0, 3.0, 10.0]",0.512421999999996
astar,median,5,20,-1,3,True,False,27,59,17,0.8757232704402516,10,0,"[15, 14, 7, 17, 6]",
astar,component,5,20,-1,3,True,False,77,95,27,0.9545214172395557,3,123,"[15, 27, 18, 17, 18]",
astar,bbox,5,20,-1,3,True,True,87,66,17,0.974496644295302,0,228,"[17, 14, 12, 11, 12]",
astar,minimax,5,20,-1,3,True,False,115,91,21,0.9875968992248062,14,199,"[21, 17, 19, 15, 19]",
ppo,,5,20,0,4,0.0,0.0,300.0,327.0,300.0,0.23696964996066353,299.0,0.0,"[5.0, 300.0, 10.0, 1.0, 11.0]",0.48663799999999924
astar,median,5,20,-1,4,True,False,60,52,14,0.845,7,77,"[2, 10, 14, 12, 14]",
astar,component,5,20,-1,4,True,False,16,50,11,0.984251968503937,8,2,"[9, 11, 11, 8, 11]",
astar,bbox,5,20,-1,4,True,False,16,54,12,0.9884745762711864,7,4,"[10, 11, 12, 9, 12]",
astar,minimax,5,20,-1,4,True,False,55,50,12,0.9652509652509652,5,117,"[7, 10, 12, 9, 12]",
ppo,,5,20,0,5,0.0,0.0,300.0,37.0,13.0,0.7982507288629738,12.0,287.0,"[13.0, 5.0, 2.0, 9.0, 8.0]",0.48472933333333873
astar,median,5,20,-1,5,True,False,14,31,11,0.6696864111498257,3,4,"[11, 10, 1, 1, 8]",
astar,component,5,20,-1,5,True,False,15,37,12,0.8222222222222222,7,7,"[12, 11, 4, 4, 6]",
astar,bbox,5,20,-1,5,True,False,16,44,13,0.9175355450236967,9,7,"[13, 10, 6, 6, 9]",
astar,minimax,5,20,-1,5,True,False,14,32,11,0.7366906474820144,7,0,"[11, 10, 2, 2, 7]",
ppo,,5,20,0,6,0.0,0.0,300.0,33.0,9.0,0.8677290836653386,298.0,0.0,"[9.0, 2.0, 9.0, 7.0, 6.0]",0.4847266666666646
astar,median,5,20,-1,6,True,False,18,53,13,0.9316749585406302,6,5,"[12, 12, 11, 13, 5]",
astar,component,5,20,-1,6,True,False,90,107,26,0.9857081360309944,3,167,"[26, 22, 19, 19, 21]",
astar,bbox,5,20,-1,6,True,False,21,51,12,0.9544954128440367,6,42,"[11, 12, 10, 12, 6]",
astar,minimax,5,20,-1,6,True,False,48,59,15,0.9523939808481532,6,68,"[12, 12, 13, 15, 7]",
ppo,,5,20,0,7,0.0,0.0,300.0,310.0,300.0,0.2134749094786414,592.0,1.0,"[2.0, 300.0, 1.0, 2.0, 5.0]",0.48483599999999666
astar,median,5,20,-1,7,True,True,61,26,11,0.689795918367347,0,143,"[11, 7, 4, 1, 3]",
astar,component,5,20,-1,7,True,True,11,25,8,0.8503401360544217,0,8,"[8, 7, 3, 4, 3]",
astar,bbox,5,20,-1,7,True,False,27,39,12,0.8766570605187319,3,34,"[9, 12, 5, 9, 4]",
astar,minimax,5,20,-1,7,True,False,114,51,12,0.9723364485981308,2,202,"[12, 11, 11, 7, 10]",
ppo,,5,20,0,8,0.0,0.0,300.0,21.0,8.0,0.7289256198347107,597.0,0.0,"[2.0, 1.0, 8.0, 6.0, 4.0]",0.48430266666667166
astar,median,5,20,-1,8,True,False,10,35,10,0.9386973180076629,4,0,"[6, 6, 8, 10, 5]",
astar,component,5,20,-1,8,True,False,44,84,22,0.9321003963011889,8,59,"[22, 11, 12, 18, 21]",
astar,bbox,5,20,-1,8,True,False,16,43,11,0.9757255936675462,11,21,"[11, 8, 7, 9, 8]",
astar,minimax,5,20,-1,8,True,False,60,40,11,0.9580838323353293,8,115,"[7, 11, 8, 8, 6]",
ppo,,5,20,0,9,0.0,0.0,300.0,324.0,299.0,0.23442608307280036,293.0,0.0,"[299.0, 5.0, 7.0, 7.0, 6.0]",0.4882389999999977
astar,median,5,20,-1,9,True,False,44,48,17,0.8199288256227758,6,45,"[4, 6, 17, 11, 10]",
astar,component,5,20,-1,9,True,False,18,59,15,0.9523939808481532,5,13,"[15, 9, 15, 10, 10]",
astar,bbox,5,20,-1,9,True,False,23,44,13,0.8921658986175115,3,67,"[7, 4, 10, 13, 10]",
astar,minimax,5,20,-1,9,True,False,107,59,16,0.9245683930942895,10,240,"[6, 12, 16, 11, 14]",
ppo,,5,20,0,10,0.0,0.0,300.0,33.0,11.0,0.7696113074204947,583.0,291.0,"[11.0, 7.0, 0.0, 7.0, 8.0]",0.5232469999999978
astar,median,5,20,-1,10,True,False,64,47,14,0.9109278350515464,3,143,"[10, 10, 8, 5, 14]",
astar,component,5,20,-1,10,True,False,23,64,17,0.9592505854800937,9,9,"[12, 12, 9, 14, 17]",
astar,bbox,5,20,-1,10,True,False,19,56,14,0.9679012345679012,9,10,"[9, 14, 11, 9, 13]",
astar,minimax,5,20,-1,10,True,True,8,35,8,0.9683794466403162,0,0,"[8, 8, 5, 6, 8]",
ppo,,5,20,0,11,0.0,0.0,300.0,35.0,12.0,0.7980456026058632,300.0,288.0,"[3.0, 9.0, 3.0, 12.0, 8.0]",0.4902716666666625
astar,median,5,20,-1,11,True,False,46,51,16,0.8922813036020584,3,35,"[6, 11, 7, 16, 11]",
astar,component,5,20,-1,11,True,False,71,77,18,0.9824357912178956,3,146,"[18, 13, 13, 17, 16]",
astar,bbox,5,20,-1,11,True,False,14,51,14,0.933931777378815,3,1,"[8, 8, 8, 14, 13]",
astar,minimax,5,20,-1,11,True,False,23,38,12,0.8494117647058823,3,69,"[3, 9, 5, 12, 9]",
ppo,,5,20,0,12,0.0,0.0,300.0,37.0,14.0,0.6412177985948477,301.0,572.0,"[5.0, 14.0, 1.0, 14.0, 3.0]",0.49366433333333976
astar,median,5,20,-1,12,True,False,28,37,20,0.5645360824742268,12,6,"[6, 20, 3, 2, 6]",
astar,component,5,20,-1,12,True,False,65,63,21,0.8489839572192514,4,161,"[9, 21, 6, 11, 16]",
astar,bbox,5,20,-1,12,True,False,26,49,11,0.9901030927835052,6,74,"[11, 11, 9, 9, 9]",
astar,minimax,5,20,-1,12,True,False,87,49,14,0.943418467583497,6,183,"[10, 14, 10, 8, 7]",
ppo,,5,20,0,13,0.0,0.0,300.0,18.0,7.0,0.6893617021276596,594.0,0.0,"[7.0, 4.0, 2.0, 5.0, 0.0]",0.4841256666666638
astar,median,5,20,-1,13,True,False,88,65,23,0.8596134282807731,9,254,"[10, 13, 11, 23, 8]",
astar,component,5,20,-1,13,False,False,300,257,98,0.6291879018814003,9,915,"[6, 47, 11, 95, 98]",
astar,bbox,5,20,-1,13,True,False,81,66,15,0.9469565217391305,5,130,"[15, 15, 7, 14, 15]",
astar,minimax,5,20,-1,13,True,False,51,67,17,0.9685005393743258,9,70,"[12, 15, 13, 17, 10]",
ppo,,5,20,0,14,0.0,0.0,300.0,29.0,13.0,0.5943462897526501,0.0,287.0,"[8.0, 13.0, 1.0, 0.0, 7.0]",0.5563669999999968
astar,median,5,20,-1,14,True,False,22,43,20,0.5577677224736048,7,2,"[15, 20, 1, 1, 6]",
astar,component,5,20,-1,14,True,False,33,118,31,0.9662734212352533,7,2,"[26, 31, 20, 19, 22]",
astar,bbox,5,20,-1,14,True,False,16,48,12,0.9804255319148936,6,17,"[8, 10, 9, 9, 12]",
astar,minimax,5,20,-1,14,True,False,13,48,13,0.9442622950819672,7,2,"[6, 11, 9, 9, 13]",
ppo,,5,20,0,15,0.0,0.0,300.0,318.0,300.0,0.22438591430536756,891.0,0.0,"[7.0, 300.0, 9.0, 2.0, 0.0]",0.4974423333333415
astar,median,5,20,-1,15,True,True,13,32,13,0.5720670391061452,0,9,"[13, 0, 2, 4, 13]",
astar,component,5,20,-1,15,True,False,43,79,34,0.7312243702401875,11,21,"[17, 10, 9, 9, 34]",
astar,bbox,5,20,-1,15,True,False,90,78,18,0.9781350482315112,3,269,"[18, 14, 16, 18, 12]",
astar,minimax,5,20,-1,15,True,False,15,46,11,0.9574660633484163,8,5,"[11, 6, 8, 10, 11]",
ppo,,5,20,0,16,0.0,0.0,300.0,6.0,3.0,0.5142857142857142,299.0,298.0,"[2.0, 1.0, 0.0, 0.0, 3.0]",0.4975979999999917
astar,median,5,20,-1,16,True,False,13,27,12,0.6422907488986784,1,6,"[7, 12, 5, 0, 3]",
astar,component,5,20,-1,16,True,False,14,32,13,0.7262411347517731,1,37,"[8, 13, 6, 2, 3]",
astar,bbox,5,20,-1,16,True,False,10,34,10,0.8562962962962963,1,6,"[10, 9, 8, 3, 4]",
astar,minimax,5,20,-1,16,True,False,10,28,9,0.725925925925926,1,4,"[9, 9, 7, 2, 1]",
ppo,,5,20,0,17,0.0,0.0,300.0,44.0,14.0,0.7775100401606426,299.0,0.0,"[11.0, 14.0, 6.0, 12.0, 1.0]",0.5004820000000029
astar,median,5,20,-1,17,True,False,16,51,15,0.8626865671641791,2,0,"[8, 15, 5, 8, 15]",
astar,component,5,20,-1,17,True,False,38,85,25,0.8773527625986642,4,60,"[10, 25, 15, 11, 24]",
astar,bbox,5,20,-1,17,True,False,88,69,17,0.9627906976744186,3,307,"[11, 11, 13, 17, 17]",
astar,minimax,5,20,-1,17,True,False,12,54,12,0.9884745762711864,3,0,"[9, 11, 10, 12, 12]",
ppo,,5,20,0,18,1.0,0.0,14.0,34.0,14.0,0.6682080924855491,4.0,0.0,"[0.0, 10.0, 5.0, 14.0, 5.0]",0.6115785714284934
astar,median,5,20,-1,18,True,True,13,33,13,0.7188118811881188,0,0,"[3, 10, 3, 13, 4]",
astar,component,5,20,-1,18,True,True,12,41,12,0.868733850129199,0,8,"[5, 12, 7, 12, 5]",
astar,bbox,5,20,-1,18,True,True,12,34,12,0.7758389261744967,0,14,"[5, 10, 2, 12, 5]",
astar,minimax,5,20,-1,18,True,False,163,63,18,0.9461263408820024,1,376,"[11, 12, 9, 18, 13]",
ppo,,5,20,0,19,0.0,0.0,300.0,34.0,9.0,0.9174603174603174,296.0,0.0,"[9.0, 7.0, 5.0, 9.0, 4.0]",0.48445233333333465
astar,median,5,20,-1,19,True,False,72,65,19,0.9462486002239642,3,143,"[11, 11, 11, 13, 19]",
astar,component,5,20,-1,19,False,False,300,346,80,0.99349377593361,8,789,"[68, 68, 80, 66, 64]",
astar,bbox,5,20,-1,19,True,False,169,93,26,0.9205960617349654,4,474,"[24, 13, 17, 13, 26]",
astar,minimax,5,20,-1,19,True,False,132,81,19,0.9727205337286879,2,439,"[17, 13, 19, 13, 19]",
ppo,,5,20,1,0,0.0,0.0,300.0,318.0,300.0,0.22442575290175104,592.0,0.0,"[8.0, 7.0, 1.0, 2.0, 300.0]",0.4890693333333355
ppo,,5,20,1,1,0.0,0.0,300.0,34.0,11.0,0.7917808219178082,587.0,289.0,"[4.0, 5.0, 3.0, 11.0, 11.0]",0.49438933333333307
ppo,,5,20,1,2,0.0,0.0,300.0,14.0,4.0,0.8909090909090909,1188.0,0.0,"[3.0, 3.0, 3.0, 1.0, 4.0]",0.48566033333333536
ppo,,5,20,1,3,0.0,0.0,300.0,15.0,5.0,0.7377049180327869,590.0,299.0,"[5.0, 5.0, 1.0, 3.0, 1.0]",0.4841689999999943
ppo,,5,20,1,4,0.0,0.0,300.0,35.0,12.0,0.768025078369906,299.0,0.0,"[5.0, 7.0, 10.0, 1.0, 12.0]",0.4845203333333359
ppo,,5,20,1,5,0.0,0.0,300.0,20.0,7.0,0.7017543859649122,587.0,0.0,"[7.0, 6.0, 2.0, 5.0, 0.0]",0.49250299999999453
ppo,,5,20,1,6,0.0,0.0,300.0,39.0,13.0,0.7260143198090692,298.0,287.0,"[11.0, 2.0, 11.0, 13.0, 2.0]",0.49481566666667476
ppo,,5,20,1,7,1.0,0.0,13.0,23.0,12.0,0.5597883597883598,2.0,1.0,"[12.0, 5.0, 2.0, 4.0, 0.0]",0.529769230769152
ppo,,5,20,1,8,0.0,0.0,300.0,21.0,7.0,0.8091743119266055,592.0,0.0,"[5.0, 1.0, 5.0, 7.0, 3.0]",0.4928599999999979
ppo,,5,20,1,9,0.0,0.0,300.0,18.0,8.0,0.6612244897959184,0.0,0.0,"[1.0, 2.0, 5.0, 8.0, 2.0]",0.4761266666666586
ppo,,5,20,1,10,0.0,0.0,300.0,28.0,11.0,0.6938053097345133,583.0,295.0,"[11.0, 4.0, 0.0, 5.0, 8.0]",0.4612849999999942
ppo,,5,20,1,11,0.0,0.0,300.0,325.0,300.0,0.2342303385113484,583.0,0.0,"[6.0, 11.0, 4.0, 4.0, 300.0]",0.454106000000003
ppo,,5,20,1,12,0.0,0.0,300.0,25.0,13.0,0.5924170616113744,586.0,0.0,"[4.0, 13.0, 1.0, 4.0, 3.0]",0.4500723333333312
ppo,,5,20,1,13,0.0,0.0,300.0,14.0,6.0,0.5764705882352941,889.0,0.0,"[6.0, 4.0, 0.0, 4.0, 0.0]",0.44916833333333034
ppo,,5,20,1,14,1.0,0.0,16.0,49.0,12.0,0.9216890595009597,4.0,0.0,"[12.0, 12.0, 5.0, 8.0, 12.0]",0.48128124999990973
ppo,,5,20,1,15,0.0,0.0,300.0,11.0,4.0,0.6914285714285714,596.0,297.0,"[4.0, 3.0, 1.0, 3.0, 0.0]",0.4465179999999928
ppo,,5,20,1,16,0.0,0.0,300.0,35.0,11.0,0.768025078369906,588.0,2.0,"[11.0, 0.0, 9.0, 9.0, 6.0]",0.44866200000000117
ppo,,5,20,1,17,0.0,0.0,300.0,44.0,16.0,0.7361216730038023,585.0,284.0,"[13.0, 16.0, 6.0, 8.0, 1.0]",0.45415999999999457
ppo,,5,20,1,18,0.0,0.0,300.0,314.0,300.0,0.21895625138796357,296.0,0.0,"[2.0, 4.0, 2.0, 6.0, 300.0]",0.45223299999999966
ppo,,5,20,1,19,0.0,0.0,300.0,53.0,14.0,0.9538200339558573,5.0,284.0,"[10.0, 10.0, 7.0, 14.0, 12.0]",0.4509740000000069
ppo,,5,20,2,0,0.0,0.0,300.0,25.0,7.0,0.8278145695364238,592.0,0.0,"[7.0, 7.0, 1.0, 4.0, 6.0]",0.4482409999999959
ppo,,5,20,2,1,0.0,0.0,300.0,32.0,13.0,0.7876923076923077,296.0,575.0,"[4.0, 5.0, 5.0, 13.0, 5.0]",0.45210599999999584
ppo,,5,20,2,2,0.0,0.0,300.0,21.0,8.0,0.694488188976378,591.0,0.0,"[3.0, 7.0, 2.0, 1.0, 8.0]",0.4467023333333368
ppo,,5,20,2,3,0.0,0.0,300.0,37.0,9.0,0.9674911660777386,587.0,292.0,"[9.0, 7.0, 8.0, 5.0, 8.0]",0.4534663333333337
ppo,,5,20,2,4,0.0,0.0,300.0,29.0,10.0,0.7157446808510638,596.0,580.0,"[5.0, 3.0, 10.0, 1.0, 10.0]",0.45775766666667533
ppo,,5,20,2,5,0.0,0.0,300.0,35.0,11.0,0.9040590405904059,292.0,2.0,"[11.0, 5.0, 6.0, 8.0, 5.0]",0.44770966666665873
ppo,,5,20,2,6,0.0,0.0,300.0,328.0,300.0,0.23846614208134767,590.0,582.0,"[9.0, 2.0, 300.0, 8.0, 9.0]",0.4531846666666676
ppo,,5,20,2,7,1.0,1.0,9.0,24.0,9.0,0.7384615384615385,0.0,6.0,"[9.0, 4.0, 3.0, 7.0, 1.0]",0.5366666666664818
ppo,,5,20,2,8,0.0,0.0,300.0,312.0,300.0,0.2162094929258379,892.0,0.0,"[2.0, 1.0, 300.0, 5.0, 4.0]",0.45107733333332806
ppo,,5,20,2,9,0.0,0.0,300.0,319.0,300.0,0.2258720381776816,293.0,0.0,"[2.0, 4.0, 7.0, 300.0, 6.0]",0.44737900000000036
ppo,,5,20,2,10,0.0,0.0,300.0,34.0,10.0,0.7863945578231293,297.0,581.0,"[10.0, 9.0, 0.0, 7.0, 8.0]",0.4509390000000006
ppo,,5,20,2,11,0.0,0.0,300.0,30.0,10.0,0.7563025210084033,0.0,290.0,"[0.0, 8.0, 5.0, 10.0, 7.0]",0.4618910000000061
ppo,,5,20,2,12,0.0,0.0,300.0,25.0,10.0,0.7861635220125787,592.0,0.0,"[3.0, 10.0, 4.0, 5.0, 3.0]",0.44848000000000593
ppo,,5,20,2,13,0.0,0.0,300.0,15.0,7.0,0.6,1485.0,0.0,"[7.0, 4.0, 1.0, 3.0, 0.0]",0.44564466666666175
ppo,,5,20,2,14,0.0,0.0,300.0,339.0,299.0,0.25566691509360506,1159.0,2.0,"[3.0, 8.0, 13.0, 299.0, 16.0]",0.4519233333333261
ppo,,5,20,2,15,0.0,0.0,300.0,60.0,21.0,0.7392197125256673,579.0,286.0,"[21.0, 10.0, 12.0, 17.0, 0.0]",0.5150576666666614
ppo,,5,20,2,16,0.0,0.0,300.0,62.0,20.0,0.896037296037296,3.0,288.0,"[7.0, 20.0, 12.0, 11.0, 12.0]",0.45589599999999564
ppo,,5,20,2,17,0.0,0.0,300.0,46.0,13.0,0.9280701754385965,291.0,287.0,"[11.0, 13.0, 6.0, 7.0, 9.0]",0.4704483333333324
ppo,,5,20,2,18,1.0,1.0,28.0,56.0,28.0,0.5722627737226277,0.0,5.0,"[4.0, 14.0, 10.0, 28.0, 0.0]",0.5181785714285831
ppo,,5,20,2,19,0.0,0.0,300.0,50.0,12.0,0.9689922480620154,578.0,0.0,"[11.0, 9.0, 7.0, 11.0, 12.0]",0.469318999999994
ppo,,5,25,0,0,1.0,1.0,9.0,29.0,9.0,0.8452261306532663,0.0,4.0,"[9.0, 5.0, 5.0, 8.0, 2.0]",0.5903999999997072
astar,median,5,25,-1,0,True,True,11,26,11,0.6828282828282828,0,0,"[11, 5, 0, 4, 6]",
astar,component,5,25,-1,0,True,True,13,44,11,0.9536945812807882,0,12,"[11, 10, 7, 6, 10]",
astar,bbox,5,25,-1,0,True,True,9,34,9,0.9475409836065574,0,11,"[8, 7, 5, 9, 5]",
astar,minimax,5,25,-1,0,True,True,7,27,7,0.9169811320754717,0,0,"[7, 7, 3, 6, 4]",
ppo,,5,25,0,1,1.0,1.0,18.0,37.0,18.0,0.5645360824742268,0.0,2.0,"[3.0, 2.0, 12.0, 18.0, 2.0]",0.5227999999998111
astar,median,5,25,-1,1,True,True,16,28,16,0.4584795321637427,0,30,"[2, 0, 9, 16, 1]",
astar,component,5,25,-1,1,True,True,23,40,21,0.5797101449275363,0,48,"[7, 3, 7, 21, 2]",
astar,bbox,5,25,-1,1,True,True,42,46,15,0.853225806451613,0,121,"[5, 11, 10, 15, 5]",
astar,minimax,5,25,-1,1,True,True,59,44,15,0.8309012875536481,0,196,"[4, 10, 10, 15, 5]",
ppo,,5,25,0,2,0.0,0.0,300.0,40.0,14.0,0.8743169398907104,0.0,873.0,"[7.0, 7.0, 6.0, 6.0, 14.0]",0.4692416666666688
astar,median,5,25,-1,2,True,True,12,41,12,0.855470737913486,0,0,"[5, 8, 4, 12, 12]",
astar,component,5,25,-1,2,True,True,17,75,17,0.9673258813413586,0,0,"[17, 14, 17, 10, 17]",
astar,bbox,5,25,-1,2,True,False,167,105,24,0.9919028340080972,10,432,"[19, 22, 21, 19, 24]",
astar,minimax,5,25,-1,2,True,True,11,34,11,0.7180124223602484,0,0,"[4, 8, 0, 11, 11]",
ppo,,5,25,0,3,0.0,0.0,300.0,37.0,18.0,0.535812133072407,597.0,0.0,"[18.0, 13.0, 3.0, 3.0, 0.0]",0.46513533333333373
astar,median,5,25,-1,3,True,False,21,62,21,0.7378119001919385,5,7,"[14, 21, 18, 0, 9]",
astar,component,5,25,-1,3,True,False,240,265,59,0.9939140895902625,17,538,"[51, 52, 59, 47, 56]",
astar,bbox,5,25,-1,3,True,False,36,105,26,0.9778270509977827,7,62,"[26, 20, 23, 17, 19]",
astar,minimax,5,25,-1,3,True,False,117,114,29,0.9534849596478356,31,239,"[29, 23, 22, 14, 26]",
ppo,,5,25,0,4,0.0,0.0,300.0,16.0,6.0,0.8,594.0,0.0,"[6.0, 4.0, 2.0, 2.0, 2.0]",0.46621533333333076
astar,median,5,25,-1,4,True,False,16,35,15,0.6265984654731458,1,0,"[8, 15, 1, 10, 1]",
astar,component,5,25,-1,4,True,False,13,50,12,0.9578544061302682,1,2,"[11, 12, 8, 12, 7]",
astar,bbox,5,25,-1,4,True,False,17,49,14,0.9397260273972603,7,14,"[7, 14, 9, 11, 8]",
astar,minimax,5,25,-1,4,True,False,21,61,17,0.9504469987228608,7,22,"[10, 17, 12, 13, 9]",
ppo,,5,25,0,5,0.0,0.0,300.0,44.0,15.0,0.8203389830508474,591.0,0.0,"[3.0, 6.0, 11.0, 15.0, 9.0]",0.4688103333333397
astar,median,5,25,-1,5,True,False,148,98,25,0.9575274177467598,6,357,"[14, 23, 20, 25, 16]",
astar,component,5,25,-1,5,True,False,231,205,60,0.8759770713913496,18,612,"[60, 59, 31, 32, 23]",
astar,bbox,5,25,-1,5,True,False,21,71,19,0.8977738201246661,8,25,"[7, 17, 18, 19, 10]",
astar,minimax,5,25,-1,5,True,False,18,68,18,0.9475409836065574,5,14,"[9, 15, 15, 18, 11]",
ppo,,5,25,0,6,0.0,0.0,300.0,38.0,11.0,0.9139240506329114,880.0,0.0,"[9.0, 4.0, 11.0, 7.0, 7.0]",0.47504766666667325
astar,median,5,25,-1,6,True,False,181,125,29,0.9606517061174301,7,382,"[27, 29, 27, 27, 15]",
astar,component,5,25,-1,6,True,False,48,97,22,0.9909426013691417,6,84,"[18, 21, 17, 19, 22]",
astar,bbox,5,25,-1,6,True,False,17,67,16,0.9643394199785177,2,4,"[16, 16, 13, 13, 9]",
astar,minimax,5,25,-1,6,True,False,15,63,14,0.9763837638376384,2,1,"[14, 14, 12, 14, 9]",
ppo,,5,25,0,7,0.0,0.0,300.0,49.0,20.0,0.6869814020028613,300.0,293.0,"[20.0, 9.0, 7.0, 0.0, 13.0]",0.4682110000000013
astar,median,5,25,-1,7,True,True,41,57,21,0.752954808806489,0,37,"[17, 21, 4, 6, 9]",
astar,component,5,25,-1,7,True,False,25,81,23,0.914425087108014,6,24,"[19, 23, 8, 16, 15]",
astar,bbox,5,25,-1,7,True,True,18,58,18,0.8389027431421446,0,25,"[18, 17, 8, 5, 10]",
astar,minimax,5,25,-1,7,True,False,28,80,21,0.9155937052932761,21,7,"[18, 21, 13, 8, 20]",
ppo,,5,25,0,8,0.0,0.0,300.0,37.0,14.0,0.7982507288629738,299.0,0.0,"[3.0, 7.0, 5.0, 14.0, 8.0]",0.46513766666665884
astar,median,5,25,-1,8,True,True,15,45,15,0.867237687366167,0,11,"[6, 11, 6, 15, 7]",
astar,component,5,25,-1,8,True,False,16,57,16,0.9486131386861314,2,2,"[10, 12, 8, 16, 11]",
astar,bbox,5,25,-1,8,True,True,13,48,13,0.9070866141732283,0,0,"[8, 13, 9, 13, 5]",
astar,minimax,5,25,-1,8,True,True,17,42,16,0.6863813229571984,0,30,"[2, 13, 9, 16, 2]",
ppo,,5,25,0,9,0.0,0.0,300.0,62.0,21.0,0.7958592132505176,585.0,279.0,"[11.0, 4.0, 18.0, 21.0, 8.0]",0.4688276666666624
astar,median,5,25,-1,9,True,False,54,78,24,0.9135135135135135,1,30,"[15, 15, 15, 24, 9]",
astar,component,5,25,-1,9,True,False,40,160,35,0.9961089494163424,12,1,"[29, 31, 35, 32, 33]",
astar,bbox,5,25,-1,9,True,False,77,89,24,0.9701163502755664,9,238,"[17, 16, 16, 24, 16]",
astar,minimax,5,25,-1,9,True,False,156,89,24,0.9595396729254997,11,312,"[15, 20, 15, 24, 15]",
ppo,,5,25,0,10,0.0,0.0,300.0,309.0,300.0,0.21210222918263302,595.0,0.0,"[4.0, 300.0, 4.0, 0.0, 1.0]",0.46467399999999753
astar,median,5,25,-1,10,True,False,20,33,13,0.6462908011869436,11,36,"[12, 2, 2, 4, 13]",
astar,component,5,25,-1,10,True,False,14,46,13,0.9404444444444444,4,0,"[13, 6, 8, 9, 10]",
astar,bbox,5,25,-1,10,True,False,21,51,15,0.8598347107438017,8,20,"[15, 13, 9, 3, 11]",
astar,minimax,5,25,-1,10,True,False,21,47,17,0.8166358595194085,11,32,"[17, 5, 5, 9, 11]",
ppo,,5,25,0,11,1.0,1.0,10.0,29.0,10.0,0.7751152073732719,0.0,1.0,"[4.0, 8.0, 1.0, 10.0, 6.0]",0.6268599999998514
astar,median,5,25,-1,11,True,False,15,34,13,0.7458064516129033,2,35,"[3, 13, 4, 10, 4]",
astar,component,5,25,-1,11,True,True,46,61,14,0.9856953642384106,0,147,"[10, 11, 14, 13, 13]",
astar,bbox,5,25,-1,11,True,False,74,66,15,0.992255125284738,5,234,"[13, 14, 12, 15, 12]",
astar,minimax,5,25,-1,11,True,False,12,36,12,0.8150943396226416,2,0,"[3, 10, 4, 12, 7]",
ppo,,5,25,0,12,0.0,0.0,300.0,41.0,16.0,0.7292841648590022,585.0,0.0,"[8.0, 4.0, 11.0, 2.0, 16.0]",0.46258500000000424
astar,median,5,25,-1,12,True,False,17,61,16,0.8933973589435774,3,1,"[14, 14, 13, 4, 16]",
astar,component,5,25,-1,12,True,False,30,102,29,0.9553719008264463,1,4,"[18, 29, 20, 18, 17]",
astar,bbox,5,25,-1,12,True,False,48,98,23,0.985025641025641,6,124,"[23, 20, 18, 16, 21]",
astar,minimax,5,25,-1,12,True,False,121,73,19,0.9148497854077253,1,202,"[13, 19, 15, 7, 19]",
ppo,,5,25,0,13,0.0,0.0,300.0,89.0,22.0,0.9226557949912638,292.0,834.0,"[19.0, 22.0, 22.0, 8.0, 18.0]",0.470340000000012
astar,median,5,25,-1,13,True,True,21,59,21,0.818096357226792,0,1,"[10, 15, 6, 21, 7]",
astar,component,5,25,-1,13,True,True,59,103,26,0.9800461893764434,0,132,"[20, 18, 21, 26, 18]",
astar,bbox,5,25,-1,13,True,True,19,79,19,0.9759186864738076,0,7,"[15, 19, 12, 18, 15]",
astar,minimax,5,25,-1,13,True,True,17,54,17,0.7989041095890411,0,6,"[12, 16, 5, 17, 4]",
ppo,,5,25,0,14,0.0,0.0,300.0,26.0,8.0,0.7511111111111111,300.0,584.0,"[8.0, 0.0, 8.0, 4.0, 6.0]",0.4767353333333328
astar,median,5,25,-1,14,True,True,15,40,15,0.7476635514018691,0,3,"[3, 15, 5, 12, 5]",
astar,component,5,25,-1,14,True,True,15,47,15,0.8925252525252525,0,16,"[8, 15, 7, 11, 6]",
astar,bbox,5,25,-1,14,True,True,12,47,12,0.9625272331154684,0,9,"[7, 12, 9, 8, 11]",
astar,minimax,5,25,-1,14,True,True,11,48,11,0.9888412017167382,0,1,"[9, 11, 10, 8, 10]",
ppo,,5,25,0,15,0.0,0.0,300.0,36.0,16.0,0.6200956937799043,872.0,294.0,"[1.0, 2.0, 6.0, 11.0, 16.0]",0.4657106666666522
astar,median,5,25,-1,15,True,False,23,59,23,0.675266731328807,4,0,"[7, 2, 7, 20, 23]",
astar,component,5,25,-1,15,True,False,33,98,28,0.9462068965517242,4,23,"[15, 21, 16, 18, 28]",
astar,bbox,5,25,-1,15,True,False,18,72,18,0.9671641791044776,4,14,"[11, 13, 17, 18, 13]",
astar,minimax,5,25,-1,15,True,False,125,72,20,0.9273703041144902,8,276,"[8, 13, 14, 17, 20]",
ppo,,5,25,0,16,0.0,0.0,300.0,63.0,24.0,0.6790419161676646,298.0,831.0,"[18.0, 2.0, 24.0, 3.0, 16.0]",0.47141066666666137
astar,median,5,25,-1,16,True,False,24,46,24,0.5734417344173441,3,13,"[7, 8, 24, 0, 7]",
astar,component,5,25,-1,16,True,False,49,80,27,0.8839779005524862,3,93,"[10, 13, 27, 15, 15]",
astar,bbox,5,25,-1,16,True,False,18,74,17,0.9813620071684588,7,0,"[12, 15, 17, 13, 17]",
astar,minimax,5,25,-1,16,True,False,17,57,17,0.8792963464140731,3,0,"[7, 14, 17, 6, 13]",
ppo,,5,25,0,17,0.0,0.0,300.0,35.0,10.0,0.8844765342960289,293.0,0.0,"[4.0, 10.0, 8.0, 4.0, 9.0]",0.4647549999999967
astar,median,5,25,-1,17,True,False,22,54,22,0.7673684210526316,4,11,"[5, 7, 9, 11, 22]",
astar,component,5,25,-1,17,True,False,24,96,24,0.9610010427528676,5,10,"[24, 14, 19, 16, 23]",
astar,bbox,5,25,-1,17,True,True,17,63,17,0.9113662456946039,0,1,"[9, 7, 14, 16, 17]",
astar,minimax,5,25,-1,17,True,False,119,79,18,0.9898493259318002,2,202,"[16, 14, 14, 17, 18]",
ppo,,5,25,0,18,0.0,0.0,300.0,37.0,18.0,0.5991247264770241,578.0,0.0,"[1.0, 8.0, 8.0, 18.0, 2.0]",0.4630029999999863
astar,median,5,25,-1,18,True,False,23,51,19,0.8192125984251969,13,6,"[7, 10, 10, 19, 5]",
astar,component,5,25,-1,18,True,False,57,90,22,0.9608540925266904,7,94,"[12, 22, 16, 21, 19]",
astar,bbox,5,25,-1,18,True,False,18,53,14,0.9473861720067454,10,2,"[10, 13, 8, 14, 8]",
astar,minimax,5,25,-1,18,True,False,39,46,14,0.8780082987551867,10,23,"[10, 11, 7, 14, 4]",
ppo,,5,25,0,19,1.0,0.0,20.0,78.0,20.0,0.9190332326283988,8.0,0.0,"[20.0, 7.0, 15.0, 17.0, 19.0]",0.521244999999837
astar,median,5,25,-1,19,True,True,24,54,24,0.6642369020501139,0,7,"[24, 4, 6, 15, 5]",
astar,component,5,25,-1,19,True,True,24,86,19,0.9809018567639257,0,5,"[19, 16, 19, 19, 13]",
astar,bbox,5,25,-1,19,True,False,20,85,20,0.9704499664204164,5,2,"[20, 16, 17, 20, 12]",
astar,minimax,5,25,-1,19,True,True,20,54,20,0.682903981264637,0,13,"[20, 5, 2, 19, 8]",
ppo,,5,25,1,0,1.0,1.0,8.0,27.0,8.0,0.894478527607362,0.0,8.0,"[7.0, 8.0, 3.0, 5.0, 4.0]",0.5705125000003974
ppo,,5,25,1,1,1.0,1.0,14.0,44.0,14.0,0.9132075471698113,0.0,14.0,"[7.0, 9.0, 7.0, 14.0, 7.0]",0.5092999999999189
ppo,,5,25,1,2,1.0,1.0,16.0,42.0,14.0,0.8360189573459715,0.0,2.0,"[8.0, 5.0, 4.0, 11.0, 14.0]",0.49980625000012324
ppo,,5,25,1,3,0.0,0.0,300.0,32.0,15.0,0.5069306930693069,597.0,0.0,"[13.0, 15.0, 3.0, 1.0, 0.0]",0.4574483333333272
ppo,,5,25,1,4,0.0,0.0,300.0,16.0,6.0,0.7111111111111111,594.0,0.0,"[4.0, 4.0, 6.0, 2.0, 0.0]",0.46231333333333663
ppo,,5,25,1,5,0.0,0.0,300.0,63.0,20.0,0.7759530791788857,872.0,280.0,"[3.0, 17.0, 17.0, 20.0, 6.0]",0.4701109999999886
ppo,,5,25,1,6,0.0,0.0,300.0,49.0,15.0,0.8469135802469135,300.0,0.0,"[9.0, 4.0, 15.0, 14.0, 7.0]",0.47506833333332094
ppo,,5,25,1,7,0.0,0.0,300.0,25.0,7.0,0.9259259259259259,882.0,296.0,"[6.0, 7.0, 4.0, 3.0, 5.0]",0.4776820000000015
ppo,,5,25,1,8,0.0,0.0,300.0,35.0,13.0,0.7401812688821753,301.0,0.0,"[3.0, 7.0, 10.0, 13.0, 2.0]",0.47044900000000683
ppo,,5,25,1,9,0.0,0.0,300.0,53.0,19.0,0.8273932253313696,592.0,567.0,"[10.0, 4.0, 9.0, 19.0, 11.0]",0.47786699999998444
ppo,,5,25,1,10,1.0,0.0,13.0,29.0,10.0,0.7475555555555555,3.0,4.0,"[10.0, 2.0, 2.0, 6.0, 9.0]",0.5225307692308198
ppo,,5,25,1,11,0.0,0.0,300.0,25.0,9.0,0.6410256410256411,0.0,293.0,"[1.0, 7.0, 0.0, 9.0, 8.0]",0.46977833333334235
ppo,,5,25,1,12,0.0,0.0,300.0,46.0,20.0,0.6803858520900321,577.0,0.0,"[6.0, 8.0, 11.0, 1.0, 20.0]",0.4715669999999979
ppo,,5,25,1,13,1.0,1.0,20.0,72.0,19.0,0.9290322580645162,0.0,16.0,"[15.0, 19.0, 16.0, 15.0, 7.0]",0.5054400000002346
ppo,,5,25,1,14,0.0,0.0,300.0,32.0,13.0,0.6781456953642384,300.0,287.0,"[9.0, 0.0, 13.0, 6.0, 4.0]",0.46223900000001095
ppo,,5,25,1,15,0.0,0.0,300.0,40.0,18.0,0.6584362139917695,296.0,292.0,"[1.0, 4.0, 8.0, 9.0, 18.0]",0.46882599999998814
ppo,,5,25,1,16,0.0,0.0,300.0,35.0,16.0,0.6171284634760705,584.0,0.0,"[6.0, 2.0, 16.0, 1.0, 10.0]",0.46932300000001703
ppo,,5,25,1,17,0.0,0.0,300.0,41.0,10.0,0.9744927536231884,585.0,0.0,"[8.0, 6.0, 8.0, 10.0, 9.0]",0.46492000000000644
ppo,,5,25,1,18,0.0,0.0,300.0,322.0,300.0,0.22971972969978952,596.0,284.0,"[1.0, 300.0, 3.0, 16.0, 2.0]",0.46573366666666044
ppo,,5,25,1,19,0.0,0.0,300.0,64.0,23.0,0.7223985890652558,13.0,305.0,"[23.0, 7.0, 6.0, 22.0, 6.0]",0.4716553333333451
ppo,,5,25,2,0,0.0,0.0,300.0,325.0,299.0,0.23583589171085684,0.0,147.0,"[8.0, 6.0, 5.0, 299.0, 7.0]",0.4670343333333449
ppo,,5,25,2,1,0.0,0.0,300.0,38.0,19.0,0.4962199312714777,1.0,286.0,"[0.0, 0.0, 14.0, 19.0, 5.0]",0.4818616666666742
ppo,,5,25,2,2,1.0,1.0,11.0,37.0,11.0,0.7224274406332454,0.0,0.0,"[4.0, 11.0, 0.0, 11.0, 11.0]",0.5730545454547744
ppo,,5,25,2,3,0.0,0.0,300.0,618.0,300.0,0.42380904823729154,609.0,0.0,"[300.0, 15.0, 3.0, 300.0, 0.0]",0.4677296666666564
ppo,,5,25,2,4,0.0,0.0,300.0,17.0,7.0,0.7506493506493507,298.0,0.0,"[7.0, 2.0, 2.0, 2.0, 4.0]",0.4628353333333261
ppo,,5,25,2,5,0.0,0.0,300.0,47.0,19.0,0.6506627393225332,297.0,0.0,"[3.0, 2.0, 16.0, 19.0, 7.0]",0.4658636666666638
ppo,,5,25,2,6,0.0,0.0,300.0,34.0,9.0,0.9174603174603174,880.0,0.0,"[9.0, 4.0, 9.0, 7.0, 5.0]",0.4721716666666727
ppo,,5,25,2,7,0.0,0.0,300.0,25.0,9.0,0.7575757575757576,879.0,0.0,"[9.0, 7.0, 1.0, 3.0, 5.0]",0.4679710000000152
ppo,,5,25,2,8,0.0,0.0,300.0,33.0,10.0,0.8817813765182186,293.0,0.0,"[7.0, 3.0, 5.0, 8.0, 10.0]",0.4674536666666758
ppo,,5,25,2,9,0.0,0.0,300.0,57.0,23.0,0.752954808806489,872.0,4.0,"[10.0, 4.0, 7.0, 23.0, 13.0]",0.4659410000000008
ppo,,5,25,2,10,0.0,0.0,300.0,16.0,6.0,0.7757575757575758,591.0,0.0,"[6.0, 3.0, 2.0, 4.0, 1.0]",0.46799733333332466
ppo,,5,25,2,11,0.0,0.0,300.0,32.0,10.0,0.8,0.0,582.0,"[4.0, 10.0, 2.0, 10.0, 6.0]",0.4699273333333309
ppo,,5,25,2,12,0.0,0.0,300.0,57.0,17.0,0.840620957309185,584.0,566.0,"[7.0, 5.0, 11.0, 17.0, 17.0]",0.4752423333333411
ppo,,5,25,2,13,0.0,0.0,300.0,75.0,21.0,0.8851298190401259,292.0,280.0,"[15.0, 21.0, 10.0, 8.0, 21.0]",0.4819013333333307
ppo,,5,25,2,14,1.0,1.0,17.0,52.0,17.0,0.8750809061488674,0.0,5.0,"[10.0, 12.0, 6.0, 7.0, 17.0]",0.5352294117650009
ppo,,5,25,2,15,0.0,0.0,300.0,45.0,23.0,0.5525238744884038,586.0,14.0,"[1.0, 3.0, 5.0, 13.0, 23.0]",0.47048733333331444
ppo,,5,25,2,16,0.0,0.0,300.0,25.0,14.0,0.4716981132075472,584.0,0.0,"[1.0, 2.0, 14.0, 0.0, 8.0]",0.47304466666666656
ppo,,5,25,2,17,0.0,0.0,300.0,35.0,9.0,0.9386973180076629,879.0,291.0,"[5.0, 5.0, 9.0, 9.0, 7.0]",0.47288366666667986
ppo,,5,25,2,18,0.0,0.0,300.0,317.0,299.0,0.22445360226041702,598.0,0.0,"[1.0, 11.0, 3.0, 299.0, 3.0]",0.47454633333333146
ppo,,5,25,2,19,1.0,0.0,20.0,57.0,20.0,0.7359003397508493,5.0,3.0,"[20.0, 4.0, 5.0, 19.0, 9.0]",0.4995300000000924
