method,heuristic,n,m,train_seed,episode,success,steps,total_distance,max_distance,jain,wall_ms_per_step
ppo,,2,20,0,0,1.0,20.2,25.8,14.2,0.9871525164780991,0.7536801980198005
astar,median,2,20,-1,0,True,25,23,12,0.9981132075471698,
astar,component,2,20,-1,0,True,23,31,16,0.998960498960499,
astar,bbox,2,20,-1,0,True,25,23,12,0.9981132075471698,
ppo,,2,20,0,1,1.0,18.2,24.6,15.2,0.9357827997162709,0.7434373626373659
astar,median,2,20,-1,1,True,12,23,12,0.9981132075471698,
astar,component,2,20,-1,1,True,42,65,34,0.9978743504959848,
astar,bbox,2,20,-1,1,True,12,23,12,0.9981132075471698,
ppo,,2,20,0,2,1.0,87.6,73.4,44.0,0.9627001847428414,0.6622899543378997
astar,median,2,20,-1,2,True,35,22,12,0.9918032786885246,
astar,component,2,20,-1,2,True,22,27,14,0.9986301369863013,
astar,bbox,2,20,-1,2,True,9,15,8,0.995575221238938,
ppo,,2,20,0,3,1.0,36.6,39.6,23.2,0.962992774550855,0.6865311475409839
astar,median,2,20,-1,3,True,15,23,14,0.9548736462093863,
astar,component,2,20,-1,3,True,31,36,19,0.9969230769230769,
astar,bbox,2,20,-1,3,True,15,23,14,0.9548736462093863,
ppo,,2,20,0,4,1.0,14.6,20.0,12.4,0.9118415803559348,0.759416438356167
astar,median,2,20,-1,4,True,6,12,6,1.0,
astar,component,2,20,-1,4,True,22,29,19,0.9121475054229935,
astar,bbox,2,20,-1,4,True,6,12,6,1.0,
ppo,,2,20,0,5,1.0,76.6,72.2,41.6,0.9706073320314561,0.6520394255874673
astar,median,2,20,-1,5,True,14,20,11,0.9900990099009901,
astar,component,2,20,-1,5,True,21,24,13,0.993103448275862,
astar,bbox,2,20,-1,5,True,14,20,11,0.9900990099009901,
ppo,,2,20,0,6,1.0,5.4,9.4,5.4,0.9747515200597027,0.8437962962962936
astar,median,2,20,-1,6,True,3,6,3,1.0,
astar,component,2,20,-1,6,True,8,10,7,0.8620689655172413,
astar,bbox,2,20,-1,6,True,3,6,3,1.0,
ppo,,2,20,0,7,1.0,13.4,16.2,10.4,0.9101572839424069,0.8605611940298471
astar,median,2,20,-1,7,True,3,6,3,1.0,
astar,component,2,20,-1,7,True,9,12,8,0.9,
astar,bbox,2,20,-1,7,True,3,6,3,1.0,
ppo,,2,20,0,8,1.0,15.8,21.8,12.8,0.956591162372276,0.8203481012658189
astar,median,2,20,-1,8,True,29,13,8,0.949438202247191,
astar,component,2,20,-1,8,True,15,15,9,0.9615384615384616,
astar,bbox,2,20,-1,8,True,29,13,8,0.949438202247191,
ppo,,2,20,0,9,1.0,22.8,25.0,15.4,0.8816874742763068,0.6517500000000036
astar,median,2,20,-1,9,True,4,8,4,1.0,
astar,component,2,20,-1,9,True,31,14,8,0.98,
astar,bbox,2,20,-1,9,True,26,11,6,0.9918032786885246,
ppo,,2,20,0,10,1.0,8.0,5.8,4.4,0.7946968325791856,0.7134399999999985
astar,median,2,20,-1,10,True,12,4,2,1.0,
astar,component,2,20,-1,10,True,3,3,3,0.5,
astar,bbox,2,20,-1,10,True,12,4,2,1.0,
ppo,,2,20,0,11,1.0,11.6,13.8,8.0,0.9057534246575342,0.640863793103448
astar,median,2,20,-1,11,True,3,6,3,1.0,
astar,component,2,20,-1,11,True,8,10,7,0.8620689655172413,
astar,bbox,2,20,-1,11,True,3,6,3,1.0,
ppo,,2,20,0,12,1.0,45.4,47.4,28.2,0.9656832527793465,0.5846766519823788
astar,median,2,20,-1,12,True,9,14,9,0.9245283018867925,
astar,component,2,20,-1,12,True,21,21,13,0.9463519313304721,
astar,bbox,2,20,-1,12,True,9,14,9,0.9245283018867925,
ppo,,2,20,0,13,1.0,57.0,49.0,27.4,0.9801423278162925,0.5861561403508767
astar,median,2,20,-1,13,True,13,24,13,0.993103448275862,
astar,component,2,20,-1,13,True,41,54,31,0.978523489932886,
astar,bbox,2,20,-1,13,True,13,24,13,0.993103448275862,
ppo,,2,20,0,14,1.0,17.0,20.0,14.6,0.8242826309671643,0.6507258823529395
astar,median,2,20,-1,14,True,7,14,7,1.0,
astar,component,2,20,-1,14,True,22,32,17,0.9961089494163424,
astar,bbox,2,20,-1,14,True,7,14,7,1.0,
ppo,,2,20,0,15,1.0,112.2,81.6,52.4,0.916060254522135,0.582904991087345
astar,median,2,20,-1,15,True,11,18,11,0.9529411764705882,
astar,component,2,20,-1,15,True,27,31,17,0.9907216494845361,
astar,bbox,2,20,-1,15,True,11,18,11,0.9529411764705882,
ppo,,2,20,0,16,1.0,6.0,9.4,5.8,0.9365429864253393,0.7339200000000249
astar,median,2,20,-1,16,True,3,6,3,1.0,
astar,component,2,20,-1,16,True,8,10,7,0.8620689655172413,
astar,bbox,2,20,-1,16,True,3,6,3,1.0,
ppo,,2,20,0,17,1.0,6.2,10.6,6.0,0.9706683480453971,0.7686935483871166
astar,median,2,20,-1,17,True,5,10,5,1.0,
astar,component,2,20,-1,17,True,12,16,9,0.9846153846153847,
astar,bbox,2,20,-1,17,True,5,10,5,1.0,
ppo,,2,20,0,18,1.0,6.6,11.6,6.2,0.984235294117647,0.7863454545454549
astar,median,2,20,-1,18,True,4,8,4,1.0,
astar,component,2,20,-1,18,True,12,16,9,0.9846153846153847,
astar,bbox,2,20,-1,18,True,4,8,4,1.0,
ppo,,2,20,0,19,1.0,1.2,1.6,1.0,0.8,1.2004833333333724
astar,median,2,20,-1,19,True,1,2,1,1.0,
astar,component,2,20,-1,19,True,1,1,1,0.5,
astar,bbox,2,20,-1,19,True,1,2,1,1.0,
ppo,,2,20,1,0,1.0,19.2,26.8,14.6,0.9789850279368444,0.7856041666666664
ppo,,2,20,1,1,1.0,22.6,30.0,17.2,0.9750788862244771,0.6473389380530962
ppo,,2,20,1,2,1.0,67.8,59.6,37.2,0.918421550917801,0.5776182890855457
ppo,,2,20,1,3,1.0,16.4,27.4,14.6,0.9932270949230564,0.6763329268292668
ppo,,2,20,1,4,1.0,12.4,17.0,10.2,0.9232582710531803,0.6348967741935438
ppo,,2,20,1,5,1.0,72.0,61.6,33.4,0.9891442609425856,0.6133836111111105
ppo,,2,20,1,6,1.0,6.2,10.6,6.0,0.9656013599660008,0.8824645161290162
ppo,,2,20,1,7,1.0,16.0,19.4,10.8,0.9726404916353705,0.6113000000000035
ppo,,2,20,1,8,1.0,30.6,36.4,19.8,0.991724940776846,0.6134660130718969
ppo,,2,20,1,9,1.0,31.6,33.6,19.2,0.9674113965128079,0.5819734177215157
ppo,,2,20,1,10,1.0,8.6,6.6,4.8,0.8187692307692307,0.6765558139534897
ppo,,2,20,1,11,1.0,10.4,13.4,7.4,0.9834876404494383,0.6588211538461469
ppo,,2,20,1,12,1.0,36.6,36.0,21.8,0.9223567259241454,0.6110628415300546
ppo,,2,20,1,13,1.0,73.2,73.8,43.4,0.9784671607267882,0.588558469945355
ppo,,2,20,1,14,1.0,15.0,19.2,13.0,0.8872425760759824,0.6172239999999954
ppo,,2,20,1,15,0.8,90.8,92.2,56.0,0.9643406138433723,0.5907958149779745
ppo,,2,20,1,16,1.0,9.2,14.2,8.0,0.9717229345670851,0.6454108695652178
ppo,,2,20,1,17,1.0,6.8,10.8,6.4,0.96517137311022,0.6323294117647074
ppo,,2,20,1,18,1.0,6.8,11.0,6.2,0.9674486160591943,0.704591176470573
ppo,,2,20,1,19,1.0,2.0,2.4,1.4,0.8923076923076924,0.925309999999957
ppo,,2,20,2,0,1.0,20.2,29.4,15.2,0.9958271391529818,0.5773663366336653
ppo,,2,20,2,1,1.0,20.4,31.6,17.2,0.9922439103874818,0.5473019607843127
ppo,,2,20,2,2,1.0,90.2,99.2,58.0,0.9549031610271396,0.5713427937915738
ppo,,2,20,2,3,1.0,19.0,30.0,15.6,0.9969531734157311,0.7004073684210497
ppo,,2,20,2,4,1.0,10.2,16.8,9.8,0.9450159293516096,0.8460058823529428
ppo,,2,20,2,5,1.0,21.2,30.8,17.2,0.9857422955387323,0.6186641509434018
ppo,,2,20,2,6,1.0,4.6,8.6,4.6,0.9939454806312769,0.8896000000000169
ppo,,2,20,2,7,1.0,14.2,20.2,11.2,0.9793226825159886,0.6602014084507016
ppo,,2,20,2,8,1.0,24.0,34.2,18.4,0.9879321064630234,0.6349150000000063
ppo,,2,20,2,9,1.0,13.6,17.0,10.4,0.8799393500049966,0.7170970588235407
ppo,,2,20,2,10,1.0,5.2,6.6,4.6,0.8425945945945946,0.6871461538461555
ppo,,2,20,2,11,1.0,4.4,8.0,4.4,0.9825959498553519,0.8306136363636489
ppo,,2,20,2,12,1.0,47.2,54.6,34.6,0.9077239803735153,0.6538605932203396
ppo,,2,20,2,13,1.0,45.8,40.8,25.2,0.9493679745755799,0.5787602620087348
ppo,,2,20,2,14,1.0,13.4,21.2,12.6,0.9403445908909092,0.7517567164179073
ppo,,2,20,2,15,1.0,95.2,61.4,35.8,0.9438489070317256,0.6687390756302508
ppo,,2,20,2,16,1.0,10.2,17.0,9.4,0.983914746509648,0.8617019607842888
ppo,,2,20,2,17,1.0,9.4,16.2,8.6,0.9940555055868121,0.663506382978726
ppo,,2,20,2,18,1.0,6.0,11.2,6.0,0.9911219512195121,0.7414233333333206
ppo,,2,20,2,19,1.0,1.4,2.0,1.2,0.8800000000000001,1.1436571428572304
ppo,,3,20,0,0,1.0,38.2,72.2,28.6,0.9748260025992759,0.7275853403141304
astar,median,3,20,-1,0,True,21,20,18,0.4065040650406504,
astar,component,3,20,-1,0,True,51,53,25,0.9206817436905933,
astar,bbox,3,20,-1,0,True,14,30,10,1.0,
ppo,,3,20,0,1,1.0,84.6,150.8,56.0,0.9822935807129015,0.66525271867612
astar,median,3,20,-1,1,True,12,29,11,0.9836257309941521,
astar,component,3,20,-1,1,True,28,55,23,0.966762543943752,
astar,bbox,3,20,-1,1,True,27,31,15,0.9023474178403755,
ppo,,3,20,0,2,1.0,71.8,124.4,50.6,0.9662197703567352,0.65643008356546
astar,median,3,20,-1,2,True,37,20,15,0.5602240896358543,
astar,component,3,20,-1,2,True,56,32,21,0.6799468791500664,
astar,bbox,3,20,-1,2,True,16,18,12,0.6666666666666666,
ppo,,3,20,0,3,1.0,61.6,111.4,46.4,0.9443105208359597,0.731333441558442
astar,median,3,20,-1,3,True,11,22,11,0.7831715210355987,
astar,component,3,20,-1,3,True,18,32,13,0.9752380952380952,
astar,bbox,3,20,-1,3,True,27,38,14,0.9944903581267218,
ppo,,3,20,0,4,1.0,46.0,81.4,34.2,0.9492081576013444,0.675360434782614
astar,median,3,20,-1,4,True,15,17,15,0.4243759177679883,
astar,component,3,20,-1,4,True,24,45,21,0.9259259259259259,
astar,bbox,3,20,-1,4,True,20,28,10,0.9974554707379135,
ppo,,3,20,0,5,1.0,51.6,100.2,36.0,0.9922993411667758,0.6607744186046471
astar,median,3,20,-1,5,True,13,18,9,0.8852459016393442,
astar,component,3,20,-1,5,True,21,36,14,0.9863013698630136,
astar,bbox,3,20,-1,5,True,11,20,7,0.9950248756218906,
ppo,,3,20,0,6,1.0,64.0,109.2,41.4,0.9740701485069116,0.7124562499999987
astar,median,3,20,-1,6,True,29,28,26,0.3843137254901961,
astar,component,3,20,-1,6,True,43,87,29,1.0,
astar,bbox,3,20,-1,6,True,15,42,15,0.98989898989899,
ppo,,3,20,0,7,1.0,122.0,190.6,74.4,0.9706757891727081,0.8146975409836065
astar,median,3,20,-1,7,True,17,19,11,0.7763440860215054,
astar,component,3,20,-1,7,True,17,27,11,0.9681274900398407,
astar,bbox,3,20,-1,7,True,39,29,13,0.9375696767001115,
ppo,,3,20,0,8,1.0,75.6,119.0,48.8,0.9459205050990859,0.7947732804232839
astar,median,3,20,-1,8,True,12,18,9,0.8852459016393442,
astar,component,3,20,-1,8,True,21,34,15,0.9490968801313628,
astar,bbox,3,20,-1,8,True,7,21,7,1.0,
ppo,,3,20,0,9,1.0,22.6,44.8,17.2,0.9661089552132989,0.7027283185840618
astar,median,3,20,-1,9,True,39,13,8,0.6954732510288066,
astar,component,3,20,-1,9,True,31,25,10,0.9600614439324117,
astar,bbox,3,20,-1,9,True,18,18,8,0.9310344827586207,
ppo,,3,20,0,10,1.0,34.6,49.6,22.8,0.9367947776571321,0.8003364161849742
astar,median,3,20,-1,10,True,8,13,8,0.6329588014981273,
astar,component,3,20,-1,10,True,13,27,12,0.9033457249070632,
astar,bbox,3,20,-1,10,True,7,18,7,0.9473684210526315,
ppo,,3,20,0,11,1.0,9.4,20.2,8.2,0.954276366759165,0.6642638297872443
astar,median,3,20,-1,11,True,5,10,5,0.6666666666666666,
astar,component,3,20,-1,11,True,5,10,5,0.6666666666666666,
astar,bbox,3,20,-1,11,True,5,13,5,0.9548022598870056,
ppo,,3,20,0,12,1.0,79.2,120.6,50.8,0.9678933059426729,0.7089138888888863
astar,median,3,20,-1,12,True,19,22,13,0.6453333333333333,
astar,component,3,20,-1,12,True,25,32,17,0.8244766505636071,
astar,bbox,3,20,-1,12,True,38,37,14,0.9898770788141721,
ppo,,3,20,0,13,1.0,87.0,120.0,48.8,0.966185782385544,0.7353671264367843
astar,median,3,20,-1,13,True,22,30,16,0.704225352112676,
astar,component,3,20,-1,13,True,19,44,18,0.9490196078431372,
astar,bbox,3,20,-1,13,True,18,38,14,0.9944903581267218,
ppo,,3,20,0,14,1.0,34.0,62.6,26.0,0.9585333881748808,0.664693529411764
astar,median,3,20,-1,14,True,23,22,17,0.5138004246284501,
astar,component,3,20,-1,14,True,22,42,17,0.9702970297029703,
astar,bbox,3,20,-1,14,True,34,36,13,0.9953917050691244,
ppo,,3,20,0,15,1.0,43.0,81.0,33.6,0.9631071509923658,0.7210827906976779
astar,median,3,20,-1,15,True,16,23,14,0.7081659973226239,
astar,component,3,20,-1,15,True,21,42,21,0.8828828828828829,
astar,bbox,3,20,-1,15,True,9,25,9,0.9873617693522907,
ppo,,3,20,0,16,1.0,11.8,26.0,10.2,0.9592099428564049,0.9913864406779451
astar,median,3,20,-1,16,True,5,9,5,0.7714285714285715,
astar,component,3,20,-1,16,True,6,10,6,0.7575757575757576,
astar,bbox,3,20,-1,16,True,4,12,4,1.0,
ppo,,3,20,0,17,1.0,10.4,21.2,8.2,0.9702559450016542,0.865357692307718
astar,median,3,20,-1,17,True,5,9,5,0.6585365853658537,
astar,component,3,20,-1,17,True,8,17,7,0.9003115264797508,
astar,bbox,3,20,-1,17,True,5,11,5,0.7908496732026143,
ppo,,3,20,0,18,1.0,64.4,123.0,47.2,0.9820720588063132,0.7848962732919212
astar,median,3,20,-1,18,True,9,18,9,0.6666666666666666,
astar,component,3,20,-1,18,True,21,33,12,0.983739837398374,
astar,bbox,3,20,-1,18,True,32,36,15,0.968609865470852,
ppo,,3,20,0,19,1.0,46.0,80.0,31.4,0.9730400266244803,0.7201117391304332
astar,median,3,20,-1,19,True,18,21,18,0.44144144144144143,
astar,component,3,20,-1,19,True,36,66,29,0.9490196078431372,
astar,bbox,3,20,-1,19,True,45,33,13,0.9628647214854111,
ppo,,3,20,1,0,1.0,54.4,95.6,37.8,0.9725280265426536,0.7027198529411707
ppo,,3,20,1,1,1.0,88.6,139.8,57.4,0.959960433758807,0.76920835214447
ppo,,3,20,1,2,1.0,66.6,109.6,41.4,0.9800676461388566,0.7256597597597603
ppo,,3,20,1,3,1.0,54.2,93.4,38.2,0.96620499730489,0.7680483394833906
ppo,,3,20,1,4,1.0,55.8,81.8,37.4,0.9176932370848678,0.7787014336917603
ppo,,3,20,1,5,1.0,53.4,93.6,37.6,0.9713435117777373,0.6985591760299623
ppo,,3,20,1,6,1.0,60.2,108.6,43.2,0.9742582731039885,0.7347966777408604
ppo,,3,20,1,7,1.0,75.2,128.0,49.4,0.9712620382763628,0.6540377659574426
ppo,,3,20,1,8,1.0,64.2,105.0,42.6,0.9398031678407364,0.6353772585669757
ppo,,3,20,1,9,1.0,15.4,30.8,11.6,0.9805038664485594,0.6739350649350616
ppo,,3,20,1,10,1.0,51.6,88.2,35.0,0.9715920498819448,0.6915437984496147
ppo,,3,20,1,11,1.0,15.4,29.6,11.6,0.9761271274935167,0.6985337662337789
ppo,,3,20,1,12,1.0,61.0,82.8,32.2,0.9790545579589363,0.6560114754098355
ppo,,3,20,1,13,1.0,68.2,114.8,45.0,0.9791431474237886,0.6093999999999994
ppo,,3,20,1,14,1.0,114.6,156.8,64.2,0.9536010664273495,0.6602013961605566
ppo,,3,20,1,15,1.0,46.8,76.6,31.2,0.9579300767274666,0.6560252136752117
ppo,,3,20,1,16,1.0,12.2,24.4,10.8,0.9155653657526077,0.6951131147540945
ppo,,3,20,1,17,1.0,12.2,21.0,9.2,0.9474322006926037,0.7835803278688455
ppo,,3,20,1,18,1.0,42.8,75.8,28.4,0.9766681523919196,0.6323093457943917
ppo,,3,20,1,19,1.0,62.0,99.0,37.0,0.9854475691276342,0.6422745161290342
ppo,,3,20,2,0,1.0,47.0,82.2,29.6,0.9887322761481709,0.6660723404255342
ppo,,3,20,2,1,1.0,50.6,98.4,36.4,0.9827255487660012,0.6361339920948655
ppo,,3,20,2,2,1.0,99.8,164.0,68.2,0.9522808800773557,0.6473362725450867
ppo,,3,20,2,3,1.0,43.2,77.2,30.8,0.9597772139879484,0.6277638888888918
ppo,,3,20,2,4,0.8,102.8,161.4,72.8,0.9263953311271653,0.6303628404669249
ppo,,3,20,2,5,0.8,131.8,229.4,87.8,0.9792028672417608,0.678245675265554
ppo,,3,20,2,6,1.0,54.6,104.0,45.0,0.9274754502376628,0.6623655677655712
ppo,,3,20,2,7,1.0,89.2,125.8,50.6,0.9542126386193001,0.6239961883408072
ppo,,3,20,2,8,1.0,46.8,77.2,34.8,0.9137151404578109,0.6137504273504378
ppo,,3,20,2,9,1.0,18.4,35.0,13.6,0.9607805640878023,0.6382489130434652
ppo,,3,20,2,10,1.0,21.8,42.8,17.4,0.968445258231245,0.6675220183486024
ppo,,3,20,2,11,1.0,24.8,46.4,18.0,0.9701367773548594,0.6542411290322578
ppo,,3,20,2,12,1.0,72.6,112.4,46.8,0.9380357506769629,0.6734060606060538
ppo,,3,20,2,13,1.0,86.4,128.8,56.2,0.9164656637099048,0.6314136574074128
ppo,,3,20,2,14,1.0,115.2,165.0,68.8,0.9561442804304396,0.664257986111114
ppo,,3,20,2,15,1.0,33.4,62.0,26.0,0.9449087321209084,0.7650479041916052
ppo,,3,20,2,16,1.0,10.6,24.6,9.8,0.9652151143050556,0.907139622641536
ppo,,3,20,2,17,1.0,10.8,20.0,8.2,0.9618520450540071,0.730296296296268
ppo,,3,20,2,18,0.8,90.2,169.4,66.4,0.9795939944393368,0.6349572062084202
ppo,,3,20,2,19,1.0,76.2,104.8,42.0,0.9755881938578671,0.6915519685039335
ppo,,4,20,0,0,1.0,34.0,82.2,24.8,0.9717614143553224,0.7660282352941001
astar,median,4,20,-1,0,True,91,51,25,0.7623094958968347,
astar,component,4,20,-1,0,True,61,50,20,0.8852691218130312,
astar,bbox,4,20,-1,0,True,33,32,10,0.9624060150375939,
ppo,,4,20,0,1,1.0,46.2,105.2,34.4,0.9424464979682237,0.6903290043289971
astar,median,4,20,-1,1,True,20,38,20,0.5486322188449848,
astar,component,4,20,-1,1,True,20,58,18,0.9688940092165899,
astar,bbox,4,20,-1,1,True,12,35,12,0.9540498442367601,
ppo,,4,20,0,2,0.6,253.4,391.0,113.0,0.9815008917099931,0.747992186266773
astar,median,4,20,-1,2,True,14,17,12,0.4722222222222222,
astar,component,4,20,-1,2,True,14,17,12,0.4722222222222222,
astar,bbox,4,20,-1,2,True,38,31,12,0.8429824561403508,
ppo,,4,20,0,3,1.0,59.0,135.4,43.0,0.940263290027097,0.7555223728813563
astar,median,4,20,-1,3,True,18,35,12,0.8299457994579946,
astar,component,4,20,-1,3,True,87,107,30,0.9832531776021985,
astar,bbox,4,20,-1,3,True,92,62,20,0.9707070707070707,
ppo,,4,20,0,4,1.0,55.8,144.2,44.0,0.9602559107121091,0.7252111111111086
astar,median,4,20,-1,4,True,69,44,17,0.8673835125448028,
astar,component,4,20,-1,4,True,18,55,15,0.9963768115942029,
astar,bbox,4,20,-1,4,True,32,50,16,0.9704968944099379,
ppo,,4,20,0,5,1.0,85.4,212.4,65.2,0.9667164182792138,0.7083498829039793
astar,median,4,20,-1,5,True,15,32,12,0.8366013071895425,
astar,component,4,20,-1,5,True,102,81,22,0.9959016393442623,
astar,bbox,4,20,-1,5,True,16,38,13,0.9352331606217616,
ppo,,4,20,0,6,0.8,150.2,320.8,95.0,0.98106092933728,0.7410940079893454
astar,median,4,20,-1,6,True,19,46,13,0.9906367041198502,
astar,component,4,20,-1,6,True,30,78,21,0.9889466840052016,
astar,bbox,4,20,-1,6,True,17,54,17,0.9617414248021108,
ppo,,4,20,0,7,0.8,171.8,359.0,103.4,0.9768978693133483,0.7897328288707834
astar,median,4,20,-1,7,True,42,27,12,0.7689873417721519,
astar,component,4,20,-1,7,True,12,25,11,0.8012820512820513,
astar,bbox,4,20,-1,7,True,69,43,13,0.9570393374741201,
ppo,,4,20,0,8,1.0,80.4,178.2,50.8,0.9819314376593912,0.7700753731343303
astar,median,4,20,-1,8,True,55,29,13,0.6549844236760125,
astar,component,4,20,-1,8,True,28,46,16,0.921602787456446,
astar,bbox,4,20,-1,8,True,12,28,9,0.9245283018867925,
ppo,,4,20,0,9,1.0,25.2,71.4,20.8,0.9810661143068587,0.789322222222205
astar,median,4,20,-1,9,True,30,26,9,0.898936170212766,
astar,component,4,20,-1,9,True,23,32,11,0.9552238805970149,
astar,bbox,4,20,-1,9,True,8,26,8,0.9388888888888889,
ppo,,4,20,0,10,1.0,118.6,258.2,74.8,0.9804879502479593,0.7563337268128173
astar,median,4,20,-1,10,True,6,18,6,0.75,
astar,component,4,20,-1,10,True,32,44,22,0.7181008902077152,
astar,bbox,4,20,-1,10,True,12,30,12,0.8093525179856115,
ppo,,4,20,0,11,1.0,66.2,168.8,47.6,0.9878040620557632,0.7939558912386667
astar,median,4,20,-1,11,True,11,23,11,0.6782051282051282,
astar,component,4,20,-1,11,True,11,34,10,0.9633333333333334,
astar,bbox,4,20,-1,11,True,205,94,41,0.6771919068056407,
ppo,,4,20,0,12,1.0,55.0,125.0,39.0,0.9570424947300685,0.8026272727272757
astar,median,4,20,-1,12,True,34,34,12,0.8865030674846626,
astar,component,4,20,-1,12,True,18,39,13,0.9530075187969925,
astar,bbox,4,20,-1,12,True,104,56,18,0.9514563106796117,
ppo,,4,20,0,13,1.0,48.8,96.6,31.4,0.9565144265932913,0.7944299180327927
astar,median,4,20,-1,13,False,300,121,66,0.6217513164599966,
astar,component,4,20,-1,13,True,150,222,68,0.9795674988074415,
astar,bbox,4,20,-1,13,True,190,82,30,0.8970117395944504,
ppo,,4,20,0,14,1.0,70.8,146.4,46.2,0.968733280868101,0.8397146892655377
astar,median,4,20,-1,14,True,12,34,10,0.9444444444444444,
astar,component,4,20,-1,14,True,29,88,23,0.9989680082559339,
astar,bbox,4,20,-1,14,True,24,44,11,1.0,
ppo,,4,20,0,15,1.0,151.0,281.8,85.4,0.9574026013704504,0.7798437086092693
astar,median,4,20,-1,15,True,16,31,12,0.7392307692307692,
astar,component,4,20,-1,15,True,20,54,17,0.9370179948586118,
astar,bbox,4,20,-1,15,True,16,52,16,0.9575070821529745,
ppo,,4,20,0,16,1.0,20.6,57.8,18.4,0.9523688184939918,0.8829766990291488
astar,median,4,20,-1,16,True,4,14,4,0.9423076923076923,
astar,component,4,20,-1,16,True,8,22,8,0.8768115942028986,
astar,bbox,4,20,-1,16,True,4,14,4,0.9423076923076923,
ppo,,4,20,0,17,0.6,191.6,322.4,104.6,0.9371062537278577,0.8102154488517748
astar,median,4,20,-1,17,True,38,43,32,0.4268236380424746,
astar,component,4,20,-1,17,True,22,57,22,0.8995016611295681,
astar,bbox,4,20,-1,17,True,13,46,13,0.9796296296296296,
ppo,,4,20,0,18,1.0,27.6,73.4,21.6,0.979824158867368,0.8329275362318675
astar,median,4,20,-1,18,True,45,32,15,0.7398843930635838,
astar,component,4,20,-1,18,True,88,53,17,0.9502706359945873,
astar,bbox,4,20,-1,18,True,135,64,21,0.9660377358490566,
ppo,,4,20,0,19,0.8,145.0,278.2,83.0,0.9773286090587241,0.7677571034482734
astar,median,4,20,-1,19,True,67,58,17,0.9870892018779343,
astar,component,4,20,-1,19,True,160,204,53,0.9984644913627639,
astar,bbox,4,20,-1,19,True,47,64,17,0.9941747572815534,
ppo,,4,20,1,0,1.0,38.0,96.0,27.2,0.9795320019907632,0.7851910526315614
ppo,,4,20,1,1,1.0,71.6,188.2,51.6,0.9912200424675953,0.7770050279329568
ppo,,4,20,1,2,0.8,105.6,206.0,69.0,0.9536041527205736,0.8229287878787881
ppo,,4,20,1,3,1.0,55.8,126.6,38.4,0.9760853874898288,0.8325154121863908
ppo,,4,20,1,4,1.0,77.2,173.8,59.2,0.9330210641999622,0.8080152849740871
ppo,,4,20,1,5,1.0,77.8,188.0,56.8,0.9742988812682387,0.7622933161953735
ppo,,4,20,1,6,1.0,92.4,163.4,49.6,0.9673080244188708,0.8434889610389589
ppo,,4,20,1,7,1.0,90.4,179.8,53.4,0.9768105673934876,0.7989106194690274
ppo,,4,20,1,8,1.0,96.6,212.4,62.0,0.9846022798346304,0.8345445134575586
ppo,,4,20,1,9,1.0,21.6,55.8,16.4,0.967588085731693,0.7992268518518407
ppo,,4,20,1,10,1.0,88.8,204.2,61.6,0.9703138531589577,0.8235790540540578
ppo,,4,20,1,11,1.0,27.8,66.8,19.4,0.9766349072389684,0.9784611510791584
ppo,,4,20,1,12,1.0,97.2,187.0,54.8,0.9775256666938373,0.8149281893004149
ppo,,4,20,1,13,1.0,39.2,91.6,29.2,0.9382148160872813,0.8502974489796005
ppo,,4,20,1,14,1.0,109.4,188.0,56.6,0.972616239548957,0.8497319926873875
ppo,,4,20,1,15,1.0,92.6,202.6,59.6,0.975712568410781,0.8423231101511856
ppo,,4,20,1,16,1.0,18.4,47.2,16.8,0.9051900966127393,0.949866304347834
ppo,,4,20,1,17,0.2,294.2,453.4,137.6,0.9398508413662015,0.8416348742352179
ppo,,4,20,1,18,1.0,26.8,78.0,22.6,0.9806574698899159,0.9189664179104677
ppo,,4,20,1,19,0.8,145.8,274.0,85.8,0.9423853554200768,0.8661259259259303
ppo,,4,20,2,0,1.0,26.6,67.0,20.8,0.9574272187191027,0.8852488721804809
ppo,,4,20,2,1,1.0,46.2,118.4,36.2,0.9581585281589833,0.830344588744585
ppo,,4,20,2,2,0.8,133.6,265.6,72.6,0.9863626668383864,0.7763732035928181
ppo,,4,20,2,3,1.0,91.4,210.8,60.4,0.979338502145319,0.8765411378555885
ppo,,4,20,2,4,0.4,234.2,449.0,153.8,0.8893667719658598,0.9639556789069157
ppo,,4,20,2,5,0.8,177.0,338.8,104.2,0.9651300894156464,0.7829774011299419
ppo,,4,20,2,6,0.8,119.4,277.2,77.6,0.9852170006658796,0.7939587939698572
ppo,,4,20,2,7,1.0,90.8,210.8,68.0,0.9185855338729706,0.8297511013215774
ppo,,4,20,2,8,1.0,45.2,107.4,33.0,0.9478165960913362,0.7769150442477912
ppo,,4,20,2,9,1.0,27.2,79.2,23.4,0.9776853977970461,0.8176227941176523
ppo,,4,20,2,10,1.0,41.0,105.0,29.6,0.9840327234096303,0.9257834146341485
ppo,,4,20,2,11,1.0,60.4,149.8,42.4,0.9802881159763773,0.8164559602648838
ppo,,4,20,2,12,1.0,69.2,151.8,46.6,0.97745181247422,0.8337080924855496
ppo,,4,20,2,13,1.0,106.0,211.0,63.6,0.9737333646099791,0.806184339622637
ppo,,4,20,2,14,1.0,67.8,148.0,45.4,0.9611782441375667,0.9612238938052978
ppo,,4,20,2,15,1.0,81.0,162.2,51.2,0.9700409527050505,0.8916903703703698
ppo,,4,20,2,16,1.0,19.2,46.2,16.0,0.9244430734999503,0.7981614583333722
ppo,,4,20,2,17,0.8,166.4,361.6,116.2,0.9259613862427785,0.8591423076923083
ppo,,4,20,2,18,1.0,38.8,101.8,29.0,0.9856382381398742,0.8806592783505066
ppo,,4,20,2,19,0.8,165.6,327.4,93.8,0.9811436901516352,0.7971260869565224
ppo,,5,20,0,0,1.0,88.4,261.6,66.8,0.9723201462873062,0.8114201357466037
astar,median,5,20,-1,0,True,13,35,12,0.7632398753894081,
astar,component,5,20,-1,0,True,106,82,23,0.9510608203677511,
astar,bbox,5,20,-1,0,False,300,149,39,0.9612903225806452,
ppo,,5,20,0,1,1.0,69.8,198.2,44.6,0.9890070008603523,0.863506303724917
astar,median,5,20,-1,1,True,12,38,12,0.8494117647058823,
astar,component,5,20,-1,1,True,80,79,18,0.9945816733067729,
astar,bbox,5,20,-1,1,True,44,52,12,0.9797101449275363,
ppo,,5,20,0,2,0.0,300.0,336.6,98.2,0.90644449273025,0.8742850666666678
astar,median,5,20,-1,2,True,87,40,13,0.8648648648648649,
astar,component,5,20,-1,2,True,198,168,36,0.9966101694915255,
astar,bbox,5,20,-1,2,True,77,41,10,0.9578347578347578,
ppo,,5,20,0,3,1.0,177.4,495.8,118.4,0.9783635661701053,0.8287109357384479
astar,median,5,20,-1,3,True,27,59,17,0.8757232704402516,
astar,component,5,20,-1,3,True,77,95,27,0.9545214172395557,
astar,bbox,5,20,-1,3,True,87,66,17,0.974496644295302,
ppo,,5,20,0,4,1.0,195.2,456.8,121.6,0.9255464000290665,0.8725311475409827
astar,median,5,20,-1,4,True,60,52,14,0.845,
astar,component,5,20,-1,4,True,16,50,11,0.984251968503937,
astar,bbox,5,20,-1,4,True,16,54,12,0.9884745762711864,
ppo,,5,20,0,5,1.0,82.2,210.2,50.0,0.9709227743959626,0.8605965936739666
astar,median,5,20,-1,5,True,14,31,11,0.6696864111498257,
astar,component,5,20,-1,5,True,15,37,12,0.8222222222222222,
astar,bbox,5,20,-1,5,True,16,44,13,0.9175355450236967,
ppo,,5,20,0,6,0.8,117.6,314.4,77.6,0.9725566911940617,0.9028136054421814
astar,median,5,20,-1,6,True,18,53,13,0.9316749585406302,
astar,component,5,20,-1,6,True,90,107,26,0.9857081360309944,
astar,bbox,5,20,-1,6,True,21,51,12,0.9544954128440367,
ppo,,5,20,0,7,1.0,76.8,191.6,47.2,0.9732023888676826,0.8590489583333305
astar,median,5,20,-1,7,True,61,26,11,0.689795918367347,
astar,component,5,20,-1,7,True,11,25,8,0.8503401360544217,
astar,bbox,5,20,-1,7,True,27,39,12,0.8766570605187319,
ppo,,5,20,0,8,0.6,152.6,328.8,86.0,0.9659292420587476,0.910568545216257
astar,median,5,20,-1,8,True,10,35,10,0.9386973180076629,
astar,component,5,20,-1,8,True,44,84,22,0.9321003963011889,
astar,bbox,5,20,-1,8,True,16,43,11,0.9757255936675462,
ppo,,5,20,0,9,0.2,246.2,567.8,158.4,0.8941326800552083,0.8938132412672594
astar,median,5,20,-1,9,True,44,48,17,0.8199288256227758,
astar,component,5,20,-1,9,True,18,59,15,0.9523939808481532,
astar,bbox,5,20,-1,9,True,23,44,13,0.8921658986175115,
ppo,,5,20,0,10,1.0,97.4,262.4,61.0,0.981948273222284,0.9244759753593415
astar,median,5,20,-1,10,True,64,47,14,0.9109278350515464,
astar,component,5,20,-1,10,True,23,64,17,0.9592505854800937,
astar,bbox,5,20,-1,10,True,19,56,14,0.9679012345679012,
ppo,,5,20,0,11,1.0,131.8,409.6,97.0,0.9809052751485163,0.9891550834597844
astar,median,5,20,-1,11,True,46,51,16,0.8922813036020584,
astar,component,5,20,-1,11,True,71,77,18,0.9824357912178956,
astar,bbox,5,20,-1,11,True,14,51,14,0.933931777378815,
ppo,,5,20,0,12,0.8,124.2,312.2,83.4,0.9396651250007928,1.0206578099838968
astar,median,5,20,-1,12,True,28,37,20,0.5645360824742268,
astar,component,5,20,-1,12,True,65,63,21,0.8489839572192514,
astar,bbox,5,20,-1,12,True,26,49,11,0.9901030927835052,
ppo,,5,20,0,13,1.0,142.6,324.6,82.2,0.9479093724548996,0.9635576437587654
astar,median,5,20,-1,13,True,88,65,23,0.8596134282807731,
astar,component,5,20,-1,13,False,300,257,98,0.6291879018814003,
astar,bbox,5,20,-1,13,True,81,66,15,0.9469565217391305,
ppo,,5,20,0,14,1.0,120.6,274.0,66.4,0.9763858521164597,0.867511276948593
astar,median,5,20,-1,14,True,22,43,20,0.5577677224736048,
astar,component,5,20,-1,14,True,33,118,31,0.9662734212352533,
astar,bbox,5,20,-1,14,True,16,48,12,0.9804255319148936,
ppo,,5,20,0,15,1.0,88.0,258.6,62.2,0.9782282660264091,0.8537809090908994
astar,median,5,20,-1,15,True,13,32,13,0.5720670391061452,
astar,component,5,20,-1,15,True,43,79,34,0.7312243702401875,
astar,bbox,5,20,-1,15,True,90,78,18,0.9781350482315112,
ppo,,5,20,0,16,1.0,122.2,299.0,73.4,0.9671626137336743,0.8119261865793808
astar,median,5,20,-1,16,True,13,27,12,0.6422907488986784,
astar,component,5,20,-1,16,True,14,32,13,0.7262411347517731,
astar,bbox,5,20,-1,16,True,10,34,10,0.8562962962962963,
ppo,,5,20,0,17,0.0,300.0,639.2,154.4,0.9687836971279957,1.0006443999999988
astar,median,5,20,-1,17,True,16,51,15,0.8626865671641791,
astar,component,5,20,-1,17,True,38,85,25,0.8773527625986642,
astar,bbox,5,20,-1,17,True,88,69,17,0.9627906976744186,
ppo,,5,20,0,18,1.0,64.6,199.4,47.4,0.9807635819179786,1.13183808049534
astar,median,5,20,-1,18,True,13,33,13,0.7188118811881188,
astar,component,5,20,-1,18,True,12,41,12,0.868733850129199,
astar,bbox,5,20,-1,18,True,12,34,12,0.7758389261744967,
ppo,,5,20,0,19,0.8,122.6,325.8,88.0,0.9557766681077761,0.9150066884176188
astar,median,5,20,-1,19,True,72,65,19,0.9462486002239642,
astar,component,5,20,-1,19,False,300,346,80,0.99349377593361,
astar,bbox,5,20,-1,19,True,169,93,26,0.9205960617349654,
ppo,,5,20,1,0,1.0,131.8,359.2,84.4,0.9846205328251243,0.9979037936267061
ppo,,5,20,1,1,1.0,58.4,168.0,41.6,0.9720864756995754,0.9170013698630043
ppo,,5,20,1,2,0.6,204.4,337.2,97.4,0.9315945786240709,0.9507401174168303
ppo,,5,20,1,3,1.0,113.4,303.6,76.8,0.9722139108709472,0.9472201058201088
ppo,,5,20,1,4,1.0,210.6,480.0,143.4,0.908492304680666,0.9243131054131059
ppo,,5,20,1,5,1.0,149.2,347.8,88.8,0.9710973112133845,0.9211333780160843
ppo,,5,20,1,6,0.8,140.8,404.2,94.4,0.978458531895979,0.9390025568181845
ppo,,5,20,1,7,1.0,48.4,117.2,34.6,0.9125944944263914,0.8315119834710627
ppo,,5,20,1,8,1.0,95.4,290.2,66.4,0.9851476117036949,0.7949532494758853
ppo,,5,20,1,9,0.4,224.4,503.2,153.4,0.8928217931657573,0.845869964349379
ppo,,5,20,1,10,1.0,74.0,192.8,46.6,0.972449089513675,0.9211627027027005
ppo,,5,20,1,11,1.0,71.2,227.8,53.4,0.9805191110793341,0.8802224719101144
ppo,,5,20,1,12,1.0,111.8,280.8,72.8,0.9540318165528461,0.8517774597495533
ppo,,5,20,1,13,0.8,182.4,434.8,106.2,0.953523504810349,0.8749175438596459
ppo,,5,20,1,14,1.0,92.8,221.0,55.4,0.9654517373912522,0.8742497844827483
ppo,,5,20,1,15,1.0,102.4,279.2,68.4,0.9744391603032547,0.8408148437500096
ppo,,5,20,1,16,1.0,58.8,176.4,40.4,0.979378520224731,0.8893829931972917
ppo,,5,20,1,17,0.0,300.0,695.4,181.0,0.9436550110173844,0.9355343333333318
ppo,,5,20,1,18,1.0,79.0,212.4,52.2,0.9700982388727418,0.9409367088607818
ppo,,5,20,1,19,1.0,115.8,299.4,73.4,0.9754424946044556,0.9492084628670253
ppo,,5,20,2,0,1.0,65.8,201.4,46.2,0.986157272158313,1.0082677811550531
ppo,,5,20,2,1,1.0,106.0,316.6,73.6,0.9820453506879245,0.8583060377358612
ppo,,5,20,2,2,1.0,140.8,332.0,84.6,0.9382372236203931,0.9761822443181891
ppo,,5,20,2,3,1.0,83.2,257.6,62.2,0.9736250087254177,1.0671341346154124
ppo,,5,20,2,4,1.0,100.0,253.0,62.4,0.9687172707259657,0.9724841999999967
ppo,,5,20,2,5,1.0,138.8,342.2,79.0,0.9832740397959607,0.9829090778097958
ppo,,5,20,2,6,1.0,89.2,304.4,67.4,0.9930378962083708,0.9641387892376628
ppo,,5,20,2,7,0.6,212.0,462.2,116.8,0.9350031475561039,0.8575773584905759
ppo,,5,20,2,8,0.2,244.8,471.0,116.8,0.9739657676948756,0.8763614379084875
ppo,,5,20,2,9,1.0,126.8,341.6,77.2,0.989186608187923,0.8495359621451091
ppo,,5,20,2,10,1.0,96.4,278.0,69.2,0.9740428899530178,0.91639585062241
ppo,,5,20,2,11,1.0,74.8,230.8,56.0,0.9711711346769398,0.8311713903743432
ppo,,5,20,2,12,1.0,47.2,130.4,35.2,0.9458221592141889,0.909667796610194
ppo,,5,20,2,13,1.0,107.2,317.4,74.6,0.9754936767736219,0.9375970149253625
ppo,,5,20,2,14,1.0,80.6,219.0,55.2,0.9632554252662485,0.8981431761786394
ppo,,5,20,2,15,1.0,59.8,187.4,45.2,0.9749734769571823,0.928387959866202
ppo,,5,20,2,16,1.0,78.6,225.0,52.2,0.9807568243239976,0.9365541984732737
ppo,,5,20,2,17,0.0,300.0,598.2,156.8,0.9362281059086438,0.8604364666666697
ppo,,5,20,2,18,0.4,214.4,464.8,114.6,0.9758274449857585,0.933432089552234
ppo,,5,20,2,19,1.0,105.0,322.4,76.6,0.9802851082615008,0.8491559999999881
ppo,,5,25,0,0,1.0,50.4,164.2,38.6,0.9855583714456625,0.8435837301587434
astar,median,5,25,-1,0,True,11,26,11,0.6828282828282828,
astar,component,5,25,-1,0,True,13,44,11,0.9536945812807882,
astar,bbox,5,25,-1,0,True,9,34,9,0.9475409836065574,
ppo,,5,25,0,1,1.0,24.6,86.4,22.6,0.9657037510160323,0.865393495934987
astar,median,5,25,-1,1,True,16,28,16,0.4584795321637427,
astar,component,5,25,-1,1,True,23,40,21,0.5797101449275363,
astar,bbox,5,25,-1,1,True,42,46,15,0.853225806451613,
ppo,,5,25,0,2,1.0,39.6,133.6,32.0,0.9788386041879612,0.9504853535353484
astar,median,5,25,-1,2,True,12,41,12,0.855470737913486,
astar,component,5,25,-1,2,True,17,75,17,0.9673258813413586,
astar,bbox,5,25,-1,2,True,167,105,24,0.9919028340080972,
ppo,,5,25,0,3,1.0,181.2,481.4,131.4,0.9119208832651688,0.926474061810161
astar,median,5,25,-1,3,True,21,62,21,0.7378119001919385,
astar,component,5,25,-1,3,True,240,265,59,0.9939140895902625,
astar,bbox,5,25,-1,3,True,36,105,26,0.9778270509977827,
ppo,,5,25,0,4,1.0,80.8,229.4,56.4,0.9706051553170495,0.9133693069306921
astar,median,5,25,-1,4,True,16,35,15,0.6265984654731458,
astar,component,5,25,-1,4,True,13,50,12,0.9578544061302682,
astar,bbox,5,25,-1,4,True,17,49,14,0.9397260273972603,
ppo,,5,25,0,5,1.0,126.2,342.2,83.0,0.9793315277844441,0.9237976228209093
astar,median,5,25,-1,5,True,148,98,25,0.9575274177467598,
astar,component,5,25,-1,5,True,231,205,60,0.8759770713913496,
astar,bbox,5,25,-1,5,True,21,71,19,0.8977738201246661,
ppo,,5,25,0,6,1.0,101.2,338.0,79.2,0.9738648951451394,0.927496442687751
astar,median,5,25,-1,6,True,181,125,29,0.9606517061174301,
astar,component,5,25,-1,6,True,48,97,22,0.9909426013691417,
astar,bbox,5,25,-1,6,True,17,67,16,0.9643394199785177,
ppo,,5,25,0,7,0.6,169.0,393.4,105.0,0.9211363292687043,0.857843668639048
astar,median,5,25,-1,7,True,41,57,21,0.752954808806489,
astar,component,5,25,-1,7,True,25,81,23,0.914425087108014,
astar,bbox,5,25,-1,7,True,18,58,18,0.8389027431421446,
ppo,,5,25,0,8,1.0,38.4,129.6,30.8,0.9770763786554362,0.9054437500000123
astar,median,5,25,-1,8,True,15,45,15,0.867237687366167,
astar,component,5,25,-1,8,True,16,57,16,0.9486131386861314,
astar,bbox,5,25,-1,8,True,13,48,13,0.9070866141732283,
ppo,,5,25,0,9,1.0,139.0,375.2,104.0,0.914088281568876,0.849269352517994
astar,median,5,25,-1,9,True,54,78,24,0.9135135135135135,
astar,component,5,25,-1,9,True,40,160,35,0.9961089494163424,
astar,bbox,5,25,-1,9,True,77,89,24,0.9701163502755664,
ppo,,5,25,0,10,1.0,74.4,225.4,56.2,0.9518586009574707,0.8749088709677416
astar,median,5,25,-1,10,True,20,33,13,0.6462908011869436,
astar,component,5,25,-1,10,True,14,46,13,0.9404444444444444,
astar,bbox,5,25,-1,10,True,21,51,15,0.8598347107438017,
ppo,,5,25,0,11,1.0,73.2,214.0,59.6,0.9480505003528842,0.8366836065573704
astar,median,5,25,-1,11,True,15,34,13,0.7458064516129033,
astar,component,5,25,-1,11,True,46,61,14,0.9856953642384106,
astar,bbox,5,25,-1,11,True,74,66,15,0.992255125284738,
ppo,,5,25,0,12,0.6,185.6,442.8,106.8,0.9594336719909835,0.8810730603448177
astar,median,5,25,-1,12,True,17,61,16,0.8933973589435774,
astar,component,5,25,-1,12,True,30,102,29,0.9553719008264463,
astar,bbox,5,25,-1,12,True,48,98,23,0.985025641025641,
ppo,,5,25,0,13,1.0,68.6,211.6,50.6,0.9813680006716318,1.0407204081632404
astar,median,5,25,-1,13,True,21,59,21,0.818096357226792,
astar,component,5,25,-1,13,True,59,103,26,0.9800461893764434,
astar,bbox,5,25,-1,13,True,19,79,19,0.9759186864738076,
ppo,,5,25,0,14,1.0,30.0,106.4,25.0,0.9864084205554476,1.3970466666666919
astar,median,5,25,-1,14,True,15,40,15,0.7476635514018691,
astar,component,5,25,-1,14,True,15,47,15,0.8925252525252525,
astar,bbox,5,25,-1,14,True,12,47,12,0.9625272331154684,
ppo,,5,25,0,15,1.0,92.0,275.0,73.8,0.95389577385441,0.9473263043478243
astar,median,5,25,-1,15,True,23,59,23,0.675266731328807,
astar,component,5,25,-1,15,True,33,98,28,0.9462068965517242,
astar,bbox,5,25,-1,15,True,18,72,18,0.9671641791044776,
ppo,,5,25,0,16,1.0,63.8,229.8,52.6,0.9886841658486935,0.9364420062696068
astar,median,5,25,-1,16,True,24,46,24,0.5734417344173441,
astar,component,5,25,-1,16,True,49,80,27,0.8839779005524862,
astar,bbox,5,25,-1,16,True,18,74,17,0.9813620071684588,
ppo,,5,25,0,17,0.4,216.8,579.8,148.0,0.9408960102183677,0.9627476014760146
astar,median,5,25,-1,17,True,22,54,22,0.7673684210526316,
astar,component,5,25,-1,17,True,24,96,24,0.9610010427528676,
astar,bbox,5,25,-1,17,True,17,63,17,0.9113662456946039,
ppo,,5,25,0,18,0.8,113.8,241.6,57.2,0.972346258752195,0.9218282952548437
astar,median,5,25,-1,18,True,23,51,19,0.8192125984251969,
astar,component,5,25,-1,18,True,57,90,22,0.9608540925266904,
astar,bbox,5,25,-1,18,True,18,53,14,0.9473861720067454,
ppo,,5,25,0,19,0.8,190.8,453.8,117.0,0.9373439696938833,0.9731675052410934
astar,median,5,25,-1,19,True,24,54,24,0.6642369020501139,
astar,component,5,25,-1,19,True,24,86,19,0.9809018567639257,
astar,bbox,5,25,-1,19,True,20,85,20,0.9704499664204164,
ppo,,5,25,1,0,1.0,80.0,270.0,59.4,0.9932832484748157,1.0549155
ppo,,5,25,1,1,1.0,137.6,355.2,84.4,0.9716756951642118,0.8943962209302329
ppo,,5,25,1,2,0.8,95.6,215.8,56.6,0.9738171439368287,0.9374834728033569
ppo,,5,25,1,3,1.0,137.0,388.2,97.6,0.9633877411601997,0.8595116788321078
ppo,,5,25,1,4,0.6,210.2,515.2,149.0,0.8734118227833075,0.8873829686013394
ppo,,5,25,1,5,1.0,101.0,278.4,68.6,0.9652506073308406,1.0037578217821705
ppo,,5,25,1,6,1.0,64.6,208.6,49.0,0.9829637153404592,1.0255328173374576
ppo,,5,25,1,7,1.0,89.6,254.8,60.6,0.9756857911748549,0.8611301339285861
ppo,,5,25,1,8,1.0,97.6,298.2,75.0,0.9675446440205941,0.8631522540983453
ppo,,5,25,1,9,0.6,192.2,519.6,139.8,0.9112272224530047,0.9543067637877232
ppo,,5,25,1,10,0.8,132.0,337.0,79.8,0.9750297292039466,0.937620303030318
ppo,,5,25,1,11,1.0,105.8,310.6,71.4,0.9878449884091207,0.9334302457466879
ppo,,5,25,1,12,0.2,256.4,452.8,117.6,0.9671932546900857,0.9171590483619283
ppo,,5,25,1,13,1.0,168.6,462.8,111.0,0.9759406984274172,0.9359051008303642
ppo,,5,25,1,14,1.0,40.6,126.0,30.6,0.9752514444447027,0.9240403940886666
ppo,,5,25,1,15,1.0,53.8,190.2,43.0,0.9895087256963662,0.9126107806691797
ppo,,5,25,1,16,1.0,49.2,154.8,38.4,0.9715471810764329,0.9582040650406829
ppo,,5,25,1,17,0.8,172.4,456.4,120.0,0.95671417367269,0.9657339907192666
ppo,,5,25,1,18,1.0,120.4,363.0,87.4,0.9664944854776006,1.0159915282392102
ppo,,5,25,1,19,0.0,300.0,721.0,197.4,0.8412277299771601,0.9249087333333346
ppo,,5,25,2,0,1.0,44.0,129.2,32.2,0.96345798320472,0.8807540909091022
ppo,,5,25,2,1,0.6,182.2,493.6,126.2,0.9240553899782628,0.9149301866081262
ppo,,5,25,2,2,1.0,51.0,167.8,40.0,0.9844726279644342,0.9411066666666668
ppo,,5,25,2,3,1.0,120.0,326.0,82.2,0.9447639038552657,0.8729843333333539
ppo,,5,25,2,4,1.0,68.6,201.6,48.2,0.9697287738847505,0.858766472303217
ppo,,5,25,2,5,0.6,213.8,429.2,115.4,0.9345692323781817,0.8232895229186227
ppo,,5,25,2,6,0.8,144.2,399.0,96.6,0.9768610542064149,0.9092994452149794
ppo,,5,25,2,7,0.2,250.6,597.4,158.6,0.8791660632297505,0.8719411013567413
ppo,,5,25,2,8,1.0,94.8,224.4,56.4,0.96872461926739,0.9198065400843695
ppo,,5,25,2,9,1.0,166.6,441.6,111.4,0.9761006895104023,0.8451325330132012
ppo,,5,25,2,10,1.0,74.2,194.2,51.0,0.9527932869642658,0.8591654986522884
ppo,,5,25,2,11,1.0,39.6,113.0,29.4,0.9398639402188932,0.8062545454545744
ppo,,5,25,2,12,1.0,151.2,379.6,99.0,0.9558746302109574,0.9444419312169282
ppo,,5,25,2,13,1.0,58.8,186.8,48.2,0.9576363403554305,0.9548360544217515
ppo,,5,25,2,14,1.0,32.0,105.4,27.2,0.9548393560272453,0.9046031249999587
ppo,,5,25,2,15,0.6,162.2,408.6,103.8,0.9446921874517841,0.9168969173859581
ppo,,5,25,2,16,1.0,83.6,254.4,58.2,0.9872327463191832,0.9103784688995304
ppo,,5,25,2,17,0.8,135.0,365.6,92.0,0.9587633221578145,0.8716336296296108
ppo,,5,25,2,18,0.4,197.2,333.4,77.0,0.9752577931531292,0.8769248478701911
ppo,,5,25,2,19,1.0,174.6,451.2,107.2,0.957552702136147,0.9484639175257669
