config,method,heuristic,train_seed,n_maps,success_rate,cf_success_rate,obs_collisions_mean,robot_collisions_mean,steps_mean,steps_std,total_dist_mean,total_dist_std,max_dist_mean,max_dist_std,jain_mean,jain_std
N2_M20,ppo,,0,20,1.0,0.44000000000000006,7.0200000000000005,0.32999999999999996,18.949999999999996,15.89966980789224,21.93,14.432224360783753,12.52,8.09380009637006,0.9469568012978791,0.0588381757332339
N2_M20,ppo,,1,20,1.0,0.47000000000000003,9.32,0.26,22.92,25.0499820359217,25.939999999999998,22.351653182706638,14.590000000000003,12.22251610757785,0.95902977044755,0.035496718418614355
N2_M20,ppo,,2,20,1.0,0.47000000000000003,11.29,0.06000000000000001,21.799999999999997,23.208274386519996,24.110000000000003,17.01886894009117,13.790000000000001,10.315129664720654,0.9583374343409886,0.05022640017810104
N2_M20,ppo,,mean,20,1.0,0.4600000000000001,9.209999999999999,0.2166666666666667,21.223333333333336,20.07710996245337,23.993333333333332,17.05663637545353,13.633333333333336,9.748811893422364,0.9547746686954726,0.043860519588224144
N2_M20,astar,median,-1,20,1.0,0.55,1.75,2.0,10.7,9.11098238391448,13.1,7.1965269401288285,7.15,4.150602365922325,0.9876506739386837,0.021992242320331336
N2_M20,astar,component,-1,20,1.0,0.55,1.65,2.0,18.95,11.342288128944706,22.85,15.675697751615395,13.05,8.151533598041537,0.9103160582274954,0.1448769366190562
N2_M20,astar,bbox,-1,20,1.0,0.55,1.55,2.0,10.5,7.940403012442126,12.9,6.847627326307997,7.05,3.9556921012636965,0.9874294350006305,0.021888910557534037
N2_M20,astar,minimax,-1,20,1.0,0.6,2.3,3.7,13.8,11.762652762026091,14.4,7.275987905432499,7.75,4.169832130913665,0.9862540065416144,0.027033966864552117
N3_M20,ppo,,0,20,0.95,0.19,30.920000000000005,5.700000000000001,66.04000000000002,55.69274997699432,82.53,47.06779259748645,34.07,20.12901140145735,0.9484911885911386,0.028302243335550075
N3_M20,ppo,,1,20,0.9800000000000001,0.18,36.580000000000005,4.8999999999999995,68.25999999999999,47.69830604958629,97.17,53.03743112180303,40.029999999999994,22.486197988988714,0.9484157028038863,0.031242709603936072
N3_M20,ppo,,2,20,1.0,0.16999999999999998,26.82,4.79,59.11,37.24730728522533,87.72999999999999,45.55112622098383,35.18000000000001,18.385091786553584,0.9632554770940048,0.020118862096952416
N3_M20,ppo,,mean,20,0.9766666666666666,0.18,31.439999999999998,5.13,64.47,41.67489772033041,89.14333333333335,44.08760609412935,36.42666666666668,18.36597578857891,0.9533874561630098,0.0200700237986554
N3_M20,astar,median,-1,20,1.0,0.4,2.7,2.2,16.8,9.468896451012652,19.05,5.962172422867356,12.15,5.1987979379852804,0.6596874015378924,0.16260033266675977
N3_M20,astar,component,-1,20,1.0,0.35,3.7,6.85,24.3,13.293231360357796,37.45,17.864699829552134,16.3,6.9144775652250114,0.9059738831889204,0.09605512419588849
N3_M20,astar,bbox,-1,20,1.0,0.4,3.2,10.3,19.55,12.399495957497626,26.7,9.492628719169417,10.5,3.653765181289022,0.9503051895406056,0.08102715393005275
N3_M20,astar,minimax,-1,20,1.0,0.35,3.55,7.65,22.55,21.40905182393653,26.0,9.23038460737146,10.35,3.5815499438092444,0.9327946308429,0.07040492069635114
N4_M20,ppo,,0,20,0.9700000000000001,0.11000000000000001,40.029999999999994,13.75,74.67999999999999,55.156809189799944,153.63000000000002,99.60757551511833,47.370000000000005,32.23254721550873,0.960468234792599,0.02378454958655192
N4_M20,ppo,,1,20,0.96,0.1,39.720000000000006,18.81,78.99,49.52104502128363,151.67999999999998,73.11249961531885,46.1,23.173476217434448,0.9651193950946,0.014636007329850804
N4_M20,ppo,,2,20,0.93,0.13,47.14,17.26,85.38000000000001,61.89044837452707,164.78000000000003,103.47838228345088,50.230000000000004,34.63953088596899,0.9608898772918257,0.0258376872953176
N4_M20,ppo,,mean,20,0.9533333333333334,0.11333333333333333,42.296666666666674,16.606666666666662,79.68333333333332,50.93562331239524,156.69666666666666,85.98372320128709,47.9,27.952415916259465,0.9621591690596748,0.018308606159354927
N4_M20,astar,median,-1,20,0.95,0.35,4.45,55.8,45.3,62.802149644737476,37.65,22.057368383377014,16.5,12.882158204276175,0.7673439423526924,0.15888517932710863
N4_M20,astar,component,-1,20,1.0,0.3,5.25,45.7,46.65,45.0269641437217,68.3,53.12918218832283,21.45,14.238943078754124,0.9122008006041534,0.12282800009392401
N4_M20,astar,bbox,-1,20,1.0,0.3,3.4,97.3,53.95,59.16204442038832,47.25,19.120342570152868,15.65,7.932685547782668,0.9296371383245804,0.07351009877231489
N4_M20,astar,minimax,-1,20,0.95,0.25,5.35,88.65,57.9,68.49956204239557,40.85,21.822637329158912,14.1,10.054352291420866,0.90498371399998,0.0940802607732341
N5_M20,ppo,,0,20,0.9,0.04,57.35999999999999,36.459999999999994,99.63000000000001,68.81765107877484,258.19999999999993,148.10827120724892,62.15,37.45663492627174,0.9680532233251974,0.019536024827669213
N5_M20,ppo,,1,20,0.9099999999999999,0.07,64.70000000000002,40.82000000000001,108.57000000000001,65.38061715829852,269.28000000000003,132.88526479636482,64.75999999999999,33.497796942485635,0.9675482577859608,0.021374076606206854
N5_M20,ppo,,2,20,0.95,0.02,51.94,36.260000000000005,91.73999999999998,55.42754189029132,238.95000000000005,102.42392054593496,58.019999999999996,27.097667796325204,0.9710309161721238,0.015237168721023134
N5_M20,ppo,,mean,20,0.9199999999999999,0.04333333333333333,58.0,37.846666666666664,99.97999999999999,58.05071384382605,255.47666666666663,119.22866596959344,61.64333333333334,30.61039238922334,0.968877465761094,0.015283924937734525
N5_M20,astar,median,-1,20,1.0,0.15,4.6,52.95,36.05,26.140916204295518,43.4,11.573245007343447,14.75,3.462296925452813,0.7887627207775971,0.12778154477709328
N5_M20,astar,component,-1,20,0.9,0.1,4.95,170.15,77.7,85.87846062896098,97.4,76.42407997483517,27.35,22.07323039339734,0.9003484235526926,0.10250392906337119
N5_M20,astar,bbox,-1,20,0.95,0.1,5.25,145.3,57.6,68.6457573343029,58.05,25.40565881846011,15.0,6.557438524302,0.9395680572538442,0.05267326518780616
N5_M20,astar,minimax,-1,20,1.0,0.05,5.05,164.45,69.0,53.95646393158099,52.8,15.888989898668825,13.6,3.4263683398023628,0.9322863175007049,0.07302775272631137
N5_M25,ppo,,0,20,0.95,0.18000000000000002,56.57000000000001,28.03,93.97,57.19382047039697,263.17999999999995,130.5004658995515,63.45,33.894593964229756,0.9697815062870596,0.022766905464397524
N5_M25,ppo,,1,20,0.9,0.18,70.22999999999999,31.700000000000006,105.83,57.446889384891854,284.78999999999996,127.71235609759927,69.69000000000001,33.995086409656324,0.9661986375841843,0.027038396652676447
N5_M25,ppo,,2,20,0.9400000000000001,0.13,57.750000000000014,29.759999999999998,104.16,50.83158860393801,288.97,125.39534720235835,70.14000000000001,32.670176001974646,0.9659788962405393,0.02766672920672286
N5_M25,ppo,,mean,20,0.93,0.16333333333333336,61.516666666666666,29.830000000000002,101.32000000000002,50.85938611068321,278.97999999999996,119.28037204651717,67.76000000000002,31.23967847323514,0.9673196800372612,0.023860377767624497
N5_M25,astar,median,-1,20,1.0,0.4,3.0,48.35,35.95,44.23287804337403,54.3,23.349732332512936,18.95,4.994747240852133,0.7581927479883567,0.1280175784282651
N5_M25,astar,component,-1,20,1.0,0.35,4.3,92.35,50.85,63.244189456423584,94.15,55.32655329947819,24.65,13.150190112694188,0.9332795445899942,0.08818838137358938
N5_M25,astar,bbox,-1,20,1.0,0.35,4.4,67.25,34.1,35.7783454061252,68.0,20.044949488586894,17.4,4.282522621072771,0.9420865808596798,0.04660642590317629
N5_M25,astar,minimax,-1,20,1.0,0.35,5.7,78.8,47.55,48.03693891163341,59.4,20.504633622671733,16.85,4.75683718451662,0.8773509900657988,0.09492137660296388
